number_project,average_monthly_hours,salary,satisfaction_level,work_accident,left,time_spend_company,sales,promotion_last_5years,Training Hours,commute_distance,overtime_hours
2,137,high,0.9,0,0,5,marketing,1,12,7,6
2,139,high,0.9,0,0,4,marketing,1,12,8,6
2,143,high,0.9,0,0,4,marketing,0,12,8,6
3,148,high,0.9,0,0,4,marketing,1,12,7,10
2,136,high,0.89,0,0,5,marketing,0,12,7,6
2,145,high,0.89,0,0,5,hr,0,15,7,6
2,148,high,0.89,0,0,5,support,1,18,7,6
2,147,high,0.89,0,0,5,support,0,18,8,6
3,136,high,0.89,0,0,3,support,0,18,8,17
3,146,high,0.89,0,0,4,marketing,1,12,7,10
2,142,high,0.88,0,0,5,marketing,0,12,7,6
2,131,high,0.88,0,0,5,marketing,0,12,7,6
2,131,high,0.88,0,0,4,marketing,0,12,8,6
2,150,high,0.88,0,0,3,management,0,25,7,6
2,150,high,0.88,0,0,5,support,1,18,7,6
2,142,high,0.88,0,0,4,management,1,25,7,6
2,142,high,0.88,0,0,3,management,1,25,7,6
2,146,high,0.88,0,0,5,marketing,1,12,7,6
2,150,high,0.88,0,0,3,marketing,1,12,7,6
2,133,high,0.88,0,0,5,management,1,25,7,6
2,142,high,0.88,0,0,4,management,1,25,7,6
3,135,high,0.88,0,0,3,sales,1,16,7,17
3,136,high,0.88,0,0,5,management,1,25,7,17
2,149,high,0.87,0,0,5,support,1,18,9,6
2,148,high,0.87,0,0,4,hr,1,15,8,6
2,148,high,0.87,0,0,3,support,1,18,7,6
2,134,high,0.87,0,0,4,management,1,25,7,6
2,138,high,0.87,0,0,5,sales,1,16,7,6
2,138,high,0.87,0,0,4,management,1,25,7,6
2,142,high,0.87,0,0,4,management,1,25,8,6
2,145,high,0.87,0,0,5,management,1,25,7,6
2,134,high,0.87,0,0,3,marketing,1,12,7,6
2,145,high,0.87,0,0,5,marketing,1,12,7,6
3,145,high,0.87,0,0,3,sales,1,16,8,17
3,130,high,0.87,0,0,5,marketing,1,12,7,17
2,150,high,0.86,0,0,4,hr,1,15,7,6
2,136,high,0.86,0,0,3,marketing,1,12,7,6
2,150,high,0.86,0,0,3,marketing,1,12,7,6
2,145,high,0.86,0,0,4,sales,1,16,7,6
2,141,high,0.86,0,0,4,management,0,25,7,6
3,136,high,0.86,0,0,4,marketing,1,12,7,17
3,141,high,0.86,0,0,3,marketing,0,12,7,17
3,134,high,0.86,0,0,4,support,1,18,7,17
3,228,high,0.86,0,0,5,technical,1,20,7,17
3,137,high,0.86,0,0,3,sales,0,16,9,17
2,146,high,0.85,0,0,4,sales,1,16,7,6
2,142,high,0.85,0,0,4,marketing,0,12,8,6
2,146,high,0.85,0,0,4,marketing,0,12,8,6
2,131,high,0.85,0,0,5,sales,0,16,7,6
2,148,high,0.85,0,0,3,support,0,18,8,6
2,140,high,0.85,0,0,5,management,1,25,7,6
2,134,high,0.85,0,0,4,sales,1,16,7,6
2,134,high,0.85,0,0,3,marketing,0,12,7,6
2,145,high,0.84,0,0,3,management,0,25,9,6
2,142,high,0.84,0,0,3,support,0,18,7,6
2,131,high,0.84,0,0,4,management,1,25,7,6
2,138,high,0.84,0,0,4,sales,1,16,9,6
2,147,high,0.84,0,0,5,hr,1,15,7,6
2,130,high,0.84,0,0,4,marketing,1,12,7,6
2,137,high,0.84,0,0,3,management,0,25,7,6
2,142,high,0.84,0,0,3,management,0,25,8,6
2,130,high,0.84,0,0,4,marketing,1,12,9,6
2,132,high,0.84,0,0,4,marketing,0,12,7,6
2,150,high,0.84,0,0,4,support,0,18,8,6
2,146,high,0.84,0,0,4,management,0,25,7,6
3,133,high,0.84,0,0,4,technical,1,20,7,17
3,138,high,0.84,0,0,4,marketing,1,12,7,17
2,133,high,0.83,0,0,5,marketing,1,12,7,6
2,146,high,0.83,0,0,5,marketing,1,12,7,6
2,134,high,0.83,0,0,4,marketing,0,12,8,6
2,150,high,0.83,0,0,3,management,0,25,7,6
2,144,high,0.83,0,0,3,management,0,25,7,6
2,139,high,0.83,0,0,5,marketing,1,12,7,6
2,147,high,0.83,0,0,3,management,0,25,7,6
2,138,high,0.83,0,0,4,technical,1,20,7,6
2,141,high,0.83,0,0,4,marketing,0,12,7,6
2,139,high,0.83,0,0,3,management,0,25,7,6
3,149,high,0.83,0,0,3,hr,0,15,9,17
2,150,high,0.82,0,0,3,marketing,0,12,7,6
2,136,high,0.82,0,0,5,management,1,25,9,6
2,141,high,0.82,0,0,5,management,1,25,7,6
2,142,high,0.82,0,0,4,marketing,0,12,7,6
3,136,high,0.82,0,0,4,management,1,25,7,17
3,220,high,0.82,0,0,5,technical,0,20,7,17
3,144,high,0.82,0,0,5,sales,1,16,7,17
3,135,high,0.82,0,0,3,management,0,25,7,17
2,142,high,0.81,0,0,5,management,1,25,7,6
2,132,high,0.81,0,0,5,management,1,25,7,6
2,138,high,0.81,0,0,4,marketing,0,12,9,6
2,139,high,0.81,0,0,3,management,0,25,8,6
2,147,high,0.81,0,0,4,marketing,0,12,9,6
2,141,high,0.81,0,0,5,management,0,25,7,6
3,142,high,0.81,0,0,5,support,0,18,8,17
2,144,high,0.8,0,0,3,support,0,18,8,6
2,139,high,0.8,0,0,4,marketing,0,12,8,6
2,144,high,0.8,0,0,4,technical,0,20,7,6
2,142,high,0.8,0,0,5,marketing,1,12,8,6
2,134,high,0.8,0,0,3,management,0,25,7,6
2,134,high,0.8,0,0,4,sales,0,16,7,6
2,134,high,0.8,0,0,4,management,0,25,7,6
2,130,high,0.8,0,0,3,marketing,0,12,7,6
3,170,high,0.8,0,0,2,technical,0,20,7,17
3,151,high,0.8,0,0,4,hr,1,15,9,17
2,150,high,0.79,0,0,5,management,0,25,7,6
2,148,high,0.79,0,0,4,management,0,25,8,6
2,135,high,0.79,0,0,4,management,0,25,7,6
2,150,high,0.79,0,0,3,management,0,25,7,6
2,140,high,0.79,0,0,3,management,0,25,8,6
2,134,high,0.79,0,0,4,management,0,25,7,6
2,134,high,0.79,0,0,3,management,0,25,7,6
2,146,high,0.79,0,0,3,management,0,25,7,6
2,143,high,0.79,0,0,3,management,0,25,7,6
2,135,high,0.79,0,0,3,management,0,25,7,6
2,141,high,0.79,0,0,5,management,0,25,7,6
2,148,high,0.79,0,0,4,management,0,25,7,6
3,152,high,0.79,0,0,2,management,0,25,7,17
3,165,high,0.79,0,0,4,management,0,25,7,17
3,168,high,0.79,0,0,4,management,0,25,9,17
3,152,high,0.79,0,0,2,management,0,25,7,17
3,163,high,0.79,0,0,2,management,0,25,7,17
3,158,high,0.79,0,0,3,management,0,25,7,17
3,169,high,0.79,0,0,3,management,0,25,7,17
3,166,high,0.79,0,0,4,management,0,25,8,17
3,170,high,0.79,0,0,2,support,0,18,8,17
3,159,high,0.79,0,0,2,marketing,0,12,9,17
2,139,high,0.78,0,0,3,management,0,25,7,6
2,138,high,0.78,0,0,4,management,0,25,7,6
2,150,high,0.78,0,0,5,management,0,25,7,6
2,137,high,0.78,0,0,4,management,0,25,7,6
2,131,high,0.78,0,0,3,management,0,25,7,6
2,148,high,0.78,0,0,3,management,0,25,7,6
2,132,high,0.78,0,0,5,management,0,25,7,6
2,143,high,0.78,0,0,4,management,1,25,7,6
2,142,high,0.78,0,0,5,management,0,25,7,6
2,141,high,0.78,0,0,5,management,0,25,9,6
2,141,high,0.78,0,0,3,management,0,25,7,6
2,136,high,0.78,0,0,4,management,0,25,8,6
2,146,high,0.78,0,0,5,management,0,25,7,6
3,169,high,0.78,0,0,3,management,0,25,7,17
3,152,high,0.78,0,0,2,management,0,25,7,17
3,160,high,0.78,0,0,3,management,0,25,7,17
3,169,high,0.78,0,0,4,management,0,25,7,17
3,158,high,0.78,0,0,3,management,0,25,7,17
3,167,high,0.78,0,0,2,management,0,25,7,17
3,167,high,0.78,0,0,4,management,1,25,7,17
3,150,high,0.78,0,0,3,management,0,25,9,17
3,170,high,0.78,0,0,3,management,0,25,7,17
2,137,high,0.77,0,0,4,management,1,25,7,6
2,145,high,0.77,0,0,5,management,0,25,7,6
2,139,high,0.77,0,0,4,management,0,25,7,6
2,136,high,0.77,0,0,4,management,0,25,7,6
2,145,high,0.77,0,0,3,management,0,25,7,6
2,140,high,0.77,0,0,5,management,0,25,7,6
2,131,high,0.77,0,0,5,management,0,25,9,6
2,145,high,0.77,0,0,4,management,0,25,7,6
2,133,high,0.77,0,0,3,management,0,25,7,6
2,149,high,0.77,0,0,3,management,0,25,7,6
3,160,high,0.77,0,0,4,management,0,25,7,17
3,168,high,0.77,0,0,2,management,0,25,9,17
3,160,high,0.77,0,0,3,management,0,25,9,17
3,168,high,0.77,0,0,2,management,0,25,7,17
3,165,high,0.77,0,0,3,management,0,25,7,17
3,152,high,0.77,0,0,3,management,0,25,7,17
3,159,high,0.77,0,0,3,management,0,25,8,17
2,149,high,0.76,0,0,4,support,0,18,7,6
2,132,high,0.76,0,0,3,marketing,0,12,9,6
2,146,high,0.76,0,0,3,management,0,25,9,6
2,136,high,0.76,0,0,5,management,0,25,7,6
2,145,high,0.76,0,0,5,management,0,25,7,6
2,141,high,0.76,0,0,3,management,0,25,8,6
2,146,high,0.76,0,0,5,management,0,25,7,6
2,144,high,0.76,0,0,3,management,0,25,7,6
2,137,high,0.76,0,0,4,management,0,25,7,6
2,132,high,0.76,0,0,3,management,0,25,7,6
3,158,high,0.76,0,0,2,management,1,25,7,18
3,154,high,0.76,0,0,3,management,0,25,7,18
3,155,high,0.76,0,0,2,management,0,25,7,17
3,153,high,0.76,0,0,4,management,0,25,7,17
3,154,high,0.76,0,0,3,management,0,25,7,17
3,150,high,0.76,0,0,3,management,0,25,7,17
3,165,high,0.76,0,0,4,management,0,25,7,17
3,164,high,0.76,0,0,3,management,0,25,8,17
2,140,high,0.75,0,0,3,marketing,0,12,7,6
2,142,high,0.75,0,0,4,hr,0,15,7,6
2,139,medium,0.75,0,0,4,marketing,0,12,7,6
2,150,high,0.75,0,0,4,marketing,0,12,7,6
2,142,low,0.75,0,0,3,sales,1,16,7,6
2,134,medium,0.75,0,0,4,management,0,25,7,6
2,137,high,0.75,0,0,3,marketing,0,12,7,6
2,148,medium,0.75,0,0,5,hr,0,15,7,6
2,135,medium,0.75,0,0,4,technical,0,20,7,6
2,138,high,0.75,0,0,5,hr,0,15,7,6
2,133,high,0.75,0,0,4,marketing,0,12,7,6
2,149,high,0.75,0,0,3,marketing,0,12,7,6
3,167,medium,0.75,0,0,3,management,0,25,7,18
3,155,medium,0.75,0,0,3,management,0,25,7,18
3,151,high,0.75,0,0,4,management,0,25,7,18
3,170,high,0.75,0,0,2,management,0,25,7,18
3,162,low,0.75,0,0,4,sales,1,16,7,18
3,163,high,0.75,0,0,2,management,0,25,7,18
3,163,medium,0.75,0,0,3,management,0,25,7,18
3,167,medium,0.75,0,0,2,sales,0,16,7,18
3,163,high,0.75,0,0,4,management,0,25,7,18
3,151,low,0.75,0,0,4,hr,0,15,7,18
3,157,high,0.75,0,0,2,technical,0,20,9,18
3,161,medium,0.75,0,0,3,marketing,0,12,9,18
3,169,high,0.75,0,0,2,marketing,0,12,7,18
3,161,high,0.75,0,0,3,technical,0,20,7,18
3,160,high,0.75,0,0,4,support,0,18,7,18
2,133,low,0.74,0,0,3,technical,0,20,8,6
2,140,high,0.74,0,0,3,hr,0,15,8,6
2,132,medium,0.74,0,0,3,technical,0,20,7,6
2,150,high,0.74,0,0,3,marketing,0,12,7,6
2,140,low,0.74,0,0,4,support,0,18,7,6
2,143,high,0.74,0,0,4,marketing,0,12,7,6
2,142,low,0.74,0,0,3,support,0,18,7,6
2,144,high,0.74,0,0,4,marketing,0,12,8,6
2,144,medium,0.74,0,0,3,marketing,0,12,7,6
2,130,high,0.74,0,0,4,management,0,25,7,6
2,144,high,0.74,0,0,3,management,0,25,7,6
2,148,high,0.74,0,0,5,management,0,25,7,6
2,134,medium,0.74,0,0,4,management,0,25,7,6
2,147,high,0.74,0,0,3,marketing,0,12,7,6
2,138,high,0.74,0,0,4,marketing,0,12,7,6
3,153,low,0.74,0,0,2,hr,0,15,7,18
3,170,high,0.74,0,0,2,marketing,0,12,7,18
3,163,high,0.74,0,0,3,marketing,0,12,7,18
3,168,medium,0.74,0,0,4,sales,0,16,7,18
3,155,high,0.74,0,0,4,management,0,25,7,18
3,156,high,0.74,0,0,3,support,0,18,7,18
3,166,high,0.74,0,0,4,sales,0,16,9,18
3,164,high,0.74,0,0,3,hr,0,15,7,18
3,154,high,0.74,0,0,4,marketing,0,12,7,18
3,169,medium,0.74,0,0,2,marketing,0,12,7,18
2,134,low,0.73,0,0,5,support,0,18,8,6
2,137,medium,0.73,0,0,5,technical,0,20,7,6
2,130,high,0.73,0,0,3,sales,0,16,7,6
3,157,medium,0.73,0,0,3,marketing,0,12,7,19
3,158,high,0.73,0,0,2,management,0,25,7,19
3,163,low,0.73,0,0,3,hr,0,15,7,19
3,158,high,0.73,0,0,4,hr,0,15,7,19
3,150,medium,0.73,0,0,2,technical,0,20,7,19
3,162,high,0.73,0,0,2,support,0,18,7,19
3,166,high,0.73,0,0,3,management,0,25,7,19
3,152,medium,0.73,0,0,2,hr,0,15,7,19
3,161,high,0.73,0,0,2,technical,0,20,7,19
3,154,high,0.73,0,0,4,support,0,18,7,19
2,149,high,0.72,0,0,3,support,0,18,7,6
2,147,medium,0.72,0,0,4,sales,0,16,7,6
2,142,low,0.72,0,0,5,management,0,25,7,6
2,135,medium,0.72,0,0,3,management,0,25,7,6
2,138,medium,0.72,0,0,5,sales,0,16,8,6
2,135,low,0.72,0,0,3,support,0,18,9,6
2,148,medium,0.72,0,0,3,hr,0,15,7,6
2,135,high,0.72,0,0,4,support,0,18,7,6
2,146,high,0.72,0,0,3,marketing,1,12,9,6
2,130,high,0.72,0,0,4,management,0,25,8,6
2,130,high,0.72,0,0,3,management,1,25,7,6
3,158,medium,0.72,0,0,3,hr,0,15,7,19
3,157,high,0.72,0,0,2,sales,0,16,7,19
3,163,medium,0.72,0,0,3,support,0,18,7,19
3,159,low,0.72,0,0,2,hr,0,15,7,19
3,161,high,0.72,0,0,4,management,0,25,8,19
3,151,low,0.72,0,0,3,sales,0,16,7,19
3,152,low,0.72,0,0,3,technical,0,20,7,19
3,168,high,0.72,0,0,2,hr,0,15,7,19
3,170,medium,0.72,0,0,4,management,0,25,7,19
3,162,medium,0.72,0,0,3,support,0,18,7,19
3,154,high,0.72,0,0,3,management,0,25,8,19
2,136,high,0.71,0,0,3,marketing,0,12,7,6
2,136,medium,0.71,0,0,3,management,0,25,7,6
2,134,high,0.71,0,0,4,sales,0,16,7,6
2,150,high,0.71,0,0,5,marketing,0,12,7,6
2,138,low,0.71,0,0,5,management,0,25,7,6
2,141,low,0.71,0,0,3,hr,0,15,7,6
2,146,low,0.71,0,0,4,hr,0,15,8,6
2,130,low,0.71,0,0,3,technical,0,20,7,6
2,146,high,0.71,0,0,5,hr,0,15,7,6
2,145,high,0.71,0,0,3,technical,0,20,7,6
2,135,medium,0.71,0,0,3,technical,0,20,7,6
2,140,high,0.71,0,0,5,marketing,0,12,8,6
2,141,medium,0.71,0,0,5,management,0,25,7,6
2,138,medium,0.71,0,0,3,management,0,25,7,6
2,148,high,0.71,0,0,3,marketing,0,12,7,6
2,143,high,0.71,0,0,4,marketing,0,12,9,6
3,164,low,0.71,0,0,3,sales,1,16,7,19
3,156,high,0.71,0,0,3,technical,0,20,7,19
3,159,medium,0.71,0,0,2,hr,0,15,7,19
3,150,medium,0.71,0,0,2,marketing,0,12,7,19
3,153,high,0.71,0,0,3,technical,0,20,7,19
3,159,low,0.71,0,0,2,hr,0,15,8,19
3,152,high,0.71,0,0,3,technical,0,20,7,19
3,156,high,0.71,0,0,4,marketing,0,12,7,19
2,136,low,0.7,0,0,3,hr,0,15,7,6
2,132,medium,0.7,0,0,3,management,0,25,7,6
2,131,high,0.7,0,0,4,hr,0,15,7,6
2,138,low,0.7,0,0,5,hr,0,15,7,6
2,150,high,0.7,0,0,4,management,0,25,7,6
2,142,high,0.7,0,0,4,marketing,0,12,7,6
2,142,high,0.7,0,0,4,sales,0,16,8,6
3,170,high,0.7,1,1,2,support,0,18,7,19
3,164,medium,0.7,0,0,2,management,0,25,8,19
3,165,medium,0.7,1,0,4,marketing,0,12,7,19
3,166,medium,0.7,0,0,2,management,0,25,7,19
3,186,medium,0.7,0,0,2,marketing,0,12,7,19
3,162,low,0.7,0,0,4,support,0,18,7,19
3,156,low,0.7,0,0,2,marketing,0,12,8,19
3,156,low,0.7,0,0,4,technical,0,20,7,19
3,157,medium,0.7,0,0,4,support,0,18,7,19
3,169,high,0.7,0,0,2,management,0,25,7,19
3,155,medium,0.7,0,0,4,sales,1,16,7,19
3,172,high,0.7,0,1,1,marketing,0,12,7,19
3,177,medium,0.7,0,1,1,sales,0,16,7,19
3,156,medium,0.7,0,0,4,hr,0,15,7,19
3,177,high,0.7,0,1,3,technical,1,20,7,19
3,167,high,0.7,0,0,4,management,0,25,8,19
2,140,low,0.69,0,0,4,hr,0,15,7,6
2,144,medium,0.69,0,0,4,management,0,25,7,6
2,139,medium,0.69,1,0,5,management,0,25,7,6
2,135,low,0.69,1,0,3,support,0,18,7,6
2,139,medium,0.69,0,0,3,management,0,25,7,6
2,133,low,0.69,0,0,5,technical,0,20,7,6
2,136,low,0.69,0,0,3,technical,0,20,7,6
2,131,medium,0.69,0,0,5,support,1,18,7,6
2,143,low,0.69,1,0,5,support,0,18,7,6
2,132,low,0.69,0,0,4,sales,0,16,7,6
2,149,medium,0.69,1,0,5,management,0,25,7,6
2,150,medium,0.69,0,0,5,hr,0,15,7,6
2,150,low,0.69,0,0,3,support,0,18,7,6
2,142,high,0.69,0,0,4,hr,0,15,7,6
2,141,high,0.69,0,0,3,sales,0,16,7,6
2,131,low,0.69,0,0,5,sales,0,16,7,6
2,148,medium,0.69,0,0,3,support,0,18,7,6
2,143,medium,0.69,0,0,4,marketing,0,12,7,6
2,135,high,0.69,0,0,4,management,0,25,7,6
2,134,medium,0.69,0,0,4,support,0,18,7,6
3,179,high,0.69,0,0,3,marketing,0,12,9,20
3,157,high,0.69,1,0,2,marketing,0,12,7,20
3,171,medium,0.69,0,1,1,technical,0,20,9,20
3,153,low,0.69,0,0,3,support,0,18,8,20
3,151,medium,0.69,0,0,3,management,0,25,7,20
3,173,low,0.69,0,1,1,hr,0,15,8,20
3,190,high,0.69,1,1,2,sales,0,16,9,20
3,190,high,0.69,0,1,1,marketing,0,12,7,20
3,160,medium,0.69,1,0,4,hr,0,15,7,20
3,177,medium,0.69,0,0,1,management,0,25,7,20
3,158,low,0.69,0,0,3,support,0,18,7,20
3,187,low,0.69,0,1,1,support,0,18,7,19
3,160,high,0.69,0,0,4,management,0,25,7,19
3,157,high,0.69,0,0,2,marketing,0,12,7,19
3,158,low,0.69,0,0,4,technical,0,20,7,19
3,159,medium,0.69,0,0,2,support,0,18,8,19
3,171,low,0.69,1,1,3,management,0,25,7,19
3,162,medium,0.69,0,0,4,support,0,18,7,19
3,179,medium,0.69,1,0,1,marketing,1,12,7,19
3,161,high,0.69,0,0,2,marketing,0,12,7,19
5,155,high,0.69,1,0,2,marketing,0,12,9,25
2,133,medium,0.68,1,0,5,sales,0,16,9,6
2,141,medium,0.68,0,0,4,management,0,25,9,6
2,136,medium,0.68,0,0,4,support,0,18,7,6
2,130,low,0.68,0,0,3,sales,0,16,7,6
2,138,medium,0.68,1,0,3,sales,0,16,9,6
2,131,high,0.68,1,0,3,marketing,0,12,7,6
2,132,medium,0.68,0,0,3,management,0,25,7,6
2,147,high,0.68,0,0,4,marketing,0,12,7,6
3,188,high,0.68,0,1,2,marketing,0,12,8,20
3,171,high,0.68,0,1,1,management,0,25,7,20
3,152,low,0.68,0,0,2,technical,0,20,7,20
3,164,low,0.68,0,0,2,hr,0,15,8,20
3,160,low,0.68,0,0,3,hr,0,15,8,20
3,172,high,0.68,1,0,3,sales,0,16,7,20
3,155,medium,0.68,0,0,4,support,0,18,7,20
3,170,high,0.68,1,0,1,marketing,0,12,7,20
3,159,medium,0.68,0,0,3,management,0,25,7,20
3,175,low,0.68,0,1,2,technical,0,20,7,20
3,160,medium,0.68,0,0,4,sales,1,16,7,20
3,189,medium,0.68,1,0,3,technical,0,20,7,20
3,164,high,0.68,0,0,4,management,0,25,7,20
3,170,medium,0.68,0,0,3,hr,0,15,7,20
2,135,medium,0.67,0,0,3,management,0,25,9,6
2,142,medium,0.67,0,0,4,technical,0,20,7,6
2,141,low,0.67,0,0,3,sales,0,16,7,6
2,149,high,0.67,0,0,5,technical,0,20,7,6
2,149,low,0.67,0,0,5,hr,0,15,7,6
2,134,high,0.67,0,0,3,marketing,0,12,7,6
2,149,high,0.67,0,0,5,marketing,0,12,7,6
2,140,medium,0.67,0,0,4,technical,0,20,7,6
2,144,high,0.67,0,0,4,management,0,25,7,6
2,141,medium,0.67,0,0,3,management,0,25,8,6
3,158,low,0.67,1,0,2,sales,0,16,9,25
3,162,medium,0.67,0,0,3,sales,0,16,7,25
3,178,medium,0.67,0,0,3,hr,0,15,8,25
3,174,high,0.67,0,1,2,management,0,25,7,25
3,169,medium,0.67,0,0,3,hr,0,15,8,25
3,169,medium,0.67,1,0,3,technical,0,20,7,25
3,174,high,0.67,1,1,2,marketing,0,12,7,25
3,187,high,0.67,1,0,2,sales,0,16,7,25
3,155,medium,0.67,0,0,4,management,0,25,7,25
3,163,high,0.67,0,0,4,marketing,0,12,7,25
3,161,low,0.67,1,0,3,management,0,25,8,25
3,167,high,0.67,0,0,2,marketing,0,12,9,25
3,173,medium,0.67,0,1,3,marketing,0,12,9,25
3,152,medium,0.67,0,0,2,technical,0,20,7,20
3,177,low,0.67,0,1,3,marketing,0,12,7,20
3,156,high,0.67,0,0,2,sales,0,16,7,20
3,180,low,0.67,0,0,2,support,0,18,7,20
2,140,medium,0.66,1,0,4,technical,0,20,7,6
2,138,low,0.66,0,0,3,technical,0,20,7,6
2,149,medium,0.66,0,0,4,technical,0,20,7,6
2,144,high,0.66,0,0,4,management,0,25,9,6
2,131,high,0.66,0,0,3,technical,0,20,7,6
2,143,medium,0.66,0,0,5,technical,1,20,7,6
2,132,high,0.66,0,0,3,marketing,0,12,7,6
2,142,medium,0.66,0,0,5,hr,0,15,7,6
2,147,high,0.66,0,0,4,management,0,25,7,6
2,147,medium,0.66,0,0,4,management,0,25,7,6
3,158,low,0.66,1,0,3,support,0,18,9,25
3,163,medium,0.66,0,0,3,management,0,25,7,25
3,169,medium,0.66,1,0,2,technical,1,20,7,25
3,154,low,0.66,0,0,3,hr,1,15,7,25
3,155,low,0.66,0,0,4,management,0,25,7,25
3,151,medium,0.66,0,0,2,marketing,0,12,7,25
3,156,medium,0.66,0,0,4,sales,1,16,7,25
3,152,high,0.66,0,0,3,management,0,25,7,25
3,150,high,0.66,0,0,2,management,0,25,9,25
4,187,medium,0.66,0,1,1,hr,0,15,9,20
4,173,low,0.66,0,1,3,technical,0,20,7,20
4,184,low,0.66,0,0,3,sales,0,16,7,20
4,189,high,0.66,1,1,2,management,0,25,7,20
4,186,high,0.66,0,1,1,marketing,0,12,7,20
4,190,medium,0.66,1,0,2,support,0,18,7,20
4,182,low,0.66,0,1,2,hr,0,15,7,20
4,186,medium,0.66,0,1,2,support,0,18,7,20
4,185,medium,0.66,0,1,1,marketing,0,12,7,20
2,144,low,0.65,0,0,4,management,0,25,9,6
2,137,medium,0.65,0,0,4,management,0,25,7,6
2,137,medium,0.65,0,0,5,hr,0,15,7,6
2,138,medium,0.65,0,0,5,support,0,18,7,6
2,137,medium,0.65,0,0,5,technical,0,20,7,6
2,145,high,0.65,0,0,3,marketing,0,12,7,6
2,149,low,0.65,1,0,3,hr,0,15,7,6
3,154,low,0.65,1,0,4,sales,0,16,9,25
3,151,low,0.65,1,0,3,sales,0,16,7,25
3,155,high,0.65,0,0,2,technical,0,20,7,25
3,170,low,0.65,0,0,4,marketing,0,12,7,25
3,162,low,0.65,0,0,2,support,0,18,9,25
3,152,low,0.65,0,0,4,support,0,18,7,25
3,154,medium,0.65,0,0,2,marketing,0,12,7,25
3,164,high,0.65,0,0,3,management,0,25,7,25
3,162,high,0.65,0,0,4,marketing,0,12,7,25
3,169,medium,0.65,0,0,2,management,0,25,7,25
3,162,low,0.65,0,0,2,sales,0,16,7,25
3,156,low,0.65,0,0,2,marketing,0,12,9,25
3,153,high,0.65,0,0,3,marketing,0,12,7,25
3,154,medium,0.65,0,0,4,technical,0,20,7,25
3,162,medium,0.65,0,0,2,marketing,0,12,7,25
3,170,medium,0.65,0,0,4,hr,0,15,9,25
3,160,high,0.65,0,0,2,management,0,25,7,25
3,153,medium,0.65,0,0,2,management,0,25,7,25
4,189,low,0.65,0,1,2,marketing,0,12,8,20
4,170,medium,0.65,0,1,1,marketing,0,12,7,20
4,188,low,0.65,1,0,3,management,1,25,7,20
4,182,medium,0.65,0,1,1,sales,0,16,7,20
4,171,low,0.65,0,1,1,support,1,18,7,20
4,188,medium,0.65,0,1,1,marketing,0,12,7,20
4,177,high,0.65,0,0,3,marketing,0,12,7,20
2,137,low,0.64,0,0,5,marketing,0,12,7,6
2,150,medium,0.64,0,0,3,management,0,25,7,6
2,141,high,0.64,0,0,5,technical,0,20,7,6
2,135,high,0.64,0,0,5,marketing,0,12,7,6
2,133,high,0.64,0,0,4,support,0,18,7,6
2,149,low,0.64,0,0,5,technical,0,20,7,6
2,140,low,0.64,0,0,4,support,0,18,9,6
2,134,medium,0.64,0,0,4,management,0,25,9,6
2,137,high,0.64,0,0,5,technical,0,20,7,6
2,150,high,0.64,0,0,5,management,0,25,7,6
2,145,low,0.64,0,0,4,sales,0,16,8,6
2,142,medium,0.64,0,0,3,sales,0,16,8,6
3,170,low,0.64,0,0,2,hr,0,15,7,25
3,160,high,0.64,0,0,2,sales,0,16,7,25
3,157,high,0.64,1,0,4,management,0,25,8,25
3,152,medium,0.64,0,0,4,sales,0,16,9,25
3,160,low,0.64,0,0,4,management,0,25,7,25
3,153,high,0.64,0,0,3,hr,0,15,9,25
3,170,high,0.64,0,0,3,management,0,25,7,25
4,188,low,0.64,1,0,3,sales,0,16,7,22
4,190,medium,0.64,0,1,3,management,1,25,7,22
4,177,medium,0.64,0,1,1,technical,0,20,7,22
4,189,high,0.64,0,1,2,management,0,25,7,22
4,177,high,0.64,0,1,3,marketing,0,12,7,22
4,190,high,0.64,0,1,2,management,0,25,7,22
4,175,high,0.64,0,1,1,management,0,25,7,22
4,186,high,0.64,0,1,3,marketing,0,12,8,20
4,174,high,0.64,0,1,1,marketing,0,12,7,20
4,183,high,0.64,0,0,3,marketing,0,12,7,20
4,171,low,0.64,0,0,3,support,0,18,7,20
4,172,medium,0.64,0,0,2,sales,0,16,7,20
4,180,high,0.64,1,0,1,management,0,25,7,20
4,186,high,0.64,1,1,2,marketing,0,12,7,20
4,182,medium,0.64,1,1,1,management,0,25,7,20
2,137,medium,0.63,0,0,5,management,0,25,9,6
2,143,medium,0.63,1,0,4,technical,0,20,8,6
2,133,medium,0.63,0,0,5,management,0,25,7,6
2,147,low,0.63,1,0,3,support,0,18,7,6
2,150,medium,0.63,0,0,3,management,0,25,7,6
2,133,high,0.63,0,0,3,management,0,25,7,6
2,148,medium,0.63,1,0,4,hr,0,15,7,6
2,133,low,0.63,0,0,5,hr,0,15,9,6
2,136,high,0.63,0,0,5,management,0,25,7,6
2,132,medium,0.63,0,0,5,technical,0,20,7,6
2,144,medium,0.63,0,0,4,support,0,18,7,6
2,133,medium,0.63,0,0,5,management,0,25,7,6
2,141,medium,0.63,0,0,3,management,0,25,7,6
2,139,high,0.63,0,0,3,marketing,0,12,7,6
2,131,medium,0.63,0,0,5,technical,0,20,7,6
2,145,low,0.63,1,0,5,hr,0,15,7,6
2,150,high,0.63,0,0,3,marketing,0,12,7,6
2,148,medium,0.63,0,0,5,support,0,18,7,6
2,149,high,0.63,0,0,3,technical,0,20,8,6
2,138,medium,0.63,0,0,5,technical,0,20,9,6
3,163,low,0.63,0,0,4,management,0,25,7,25
3,168,high,0.63,1,0,2,sales,1,16,9,25
3,156,high,0.63,1,0,2,sales,0,16,7,25
3,155,medium,0.63,0,0,4,support,0,18,7,25
3,158,high,0.63,0,0,3,hr,0,15,7,25
3,168,low,0.63,0,0,4,management,0,25,7,25
3,166,high,0.63,0,0,2,sales,0,16,8,25
3,160,medium,0.63,0,0,4,marketing,0,12,7,25
3,158,high,0.63,0,0,2,support,0,18,9,25
3,162,high,0.63,0,0,2,marketing,0,12,7,25
3,162,medium,0.63,0,0,3,sales,0,16,7,25
4,173,medium,0.63,1,1,3,management,0,25,7,22
4,172,high,0.63,0,1,2,hr,1,15,7,22
4,181,low,0.63,0,0,3,marketing,0,12,7,22
4,172,medium,0.63,0,1,2,sales,0,16,7,22
4,189,high,0.63,0,1,2,marketing,0,12,7,22
4,183,medium,0.63,1,1,3,marketing,0,12,7,22
4,189,high,0.63,0,0,1,sales,0,16,7,22
4,174,medium,0.63,0,1,1,management,0,25,7,22
4,177,medium,0.63,0,1,1,technical,1,20,7,22
4,187,high,0.63,0,1,1,marketing,0,12,9,22
4,184,medium,0.63,0,0,1,hr,0,15,9,22
2,144,low,0.62,0,0,4,hr,0,15,9,7
2,136,low,0.62,0,0,5,hr,0,15,7,7
2,131,high,0.62,0,0,4,marketing,0,12,7,7
2,146,low,0.62,1,0,5,support,0,18,7,7
2,150,medium,0.62,1,0,4,management,0,25,7,7
2,147,high,0.62,0,0,5,marketing,0,12,9,7
2,150,medium,0.62,0,0,5,management,0,25,7,7
2,148,medium,0.62,0,0,4,management,0,25,7,7
2,135,high,0.62,0,0,3,marketing,0,12,7,7
2,144,low,0.62,0,0,5,marketing,0,12,9,7
2,142,medium,0.62,0,0,3,hr,0,15,7,7
2,147,low,0.62,0,0,3,marketing,0,12,7,7
2,136,medium,0.62,0,0,4,support,0,18,9,7
2,132,low,0.62,0,0,4,support,0,18,7,7
2,148,high,0.62,0,0,5,support,0,18,7,7
2,145,high,0.62,0,0,4,marketing,1,12,7,6
3,153,high,0.62,0,0,3,management,0,25,7,25
3,150,high,0.62,0,0,2,marketing,0,12,7,25
3,150,medium,0.62,0,0,3,support,0,18,7,25
3,157,low,0.62,0,0,2,technical,0,20,7,25
4,171,low,0.62,0,1,1,sales,0,16,7,22
4,184,high,0.62,0,0,2,management,0,25,7,22
4,179,low,0.62,0,1,2,management,0,25,7,22
4,181,low,0.62,1,0,2,sales,0,16,7,22
4,171,medium,0.62,0,0,2,management,0,25,7,22
4,179,low,0.62,0,1,3,technical,0,20,7,22
4,187,medium,0.62,0,0,1,technical,0,20,9,22
4,171,high,0.62,1,1,1,support,0,18,7,22
4,183,low,0.62,0,1,3,technical,1,20,8,22
4,182,low,0.62,0,1,1,marketing,0,12,7,22
4,189,low,0.62,0,1,2,sales,0,16,7,22
4,175,medium,0.62,1,1,1,sales,0,16,7,22
4,183,high,0.62,0,1,1,support,0,18,7,22
4,179,high,0.62,0,1,2,marketing,0,12,7,22
4,186,medium,0.62,0,1,3,sales,0,16,7,22
4,178,high,0.62,1,1,3,marketing,0,12,9,22
4,189,medium,0.62,0,1,3,marketing,0,12,7,22
5,163,high,0.62,1,0,2,technical,0,20,7,25
2,142,low,0.61,0,0,3,support,0,18,9,7
2,142,low,0.61,0,0,3,marketing,0,12,9,7
2,142,low,0.61,0,0,4,technical,0,20,7,7
2,148,medium,0.61,0,0,4,sales,0,16,7,7
2,147,low,0.61,0,0,5,marketing,1,12,7,7
2,147,high,0.61,0,0,3,marketing,0,12,7,7
2,137,high,0.61,0,0,4,hr,0,15,8,7
2,143,medium,0.61,0,0,4,support,0,18,7,7
2,134,high,0.61,0,0,4,sales,0,16,7,7
3,168,high,0.61,1,0,3,technical,0,20,7,25
3,155,medium,0.61,0,0,4,sales,0,16,7,25
3,150,high,0.61,0,0,2,hr,1,15,7,25
3,168,medium,0.61,0,0,2,marketing,0,12,7,25
3,165,low,0.61,0,0,3,support,0,18,7,25
3,159,medium,0.61,0,0,3,management,0,25,7,25
3,155,medium,0.61,0,0,2,support,0,18,7,25
3,166,medium,0.61,0,0,3,technical,0,20,7,25
3,166,low,0.61,0,0,4,marketing,0,12,7,25
3,166,medium,0.61,0,0,3,sales,0,16,7,25
3,157,medium,0.61,0,0,4,hr,0,15,7,25
3,150,high,0.61,0,0,2,marketing,0,12,7,25
4,170,medium,0.61,0,1,2,sales,0,16,7,22
4,186,low,0.61,0,0,3,technical,0,20,7,22
4,173,medium,0.61,0,1,3,hr,0,15,9,22
4,173,medium,0.61,0,1,1,hr,0,15,7,22
4,182,high,0.61,0,0,1,support,0,18,7,22
4,186,low,0.61,1,0,3,hr,0,15,7,22
4,170,medium,0.61,0,1,1,sales,1,16,9,22
4,176,medium,0.61,0,0,2,support,0,18,7,22
2,131,medium,0.6,0,0,3,management,0,25,7,7
2,139,low,0.6,0,0,4,hr,0,15,7,7
2,133,medium,0.6,0,0,5,support,0,18,7,7
2,137,low,0.6,0,0,3,technical,0,20,7,7
2,133,medium,0.6,0,0,5,management,0,25,7,7
2,148,medium,0.6,0,0,3,sales,0,16,7,7
2,143,medium,0.6,0,0,3,management,0,25,7,7
2,132,medium,0.6,0,0,5,sales,0,16,9,7
3,150,high,0.6,1,0,4,management,0,25,7,25
3,160,medium,0.6,1,0,4,management,1,25,7,25
3,167,medium,0.6,0,0,3,sales,0,16,7,25
3,153,low,0.6,0,0,4,technical,0,20,7,25
3,162,medium,0.6,0,0,2,hr,0,15,7,25
3,159,medium,0.6,0,0,3,technical,0,20,9,25
3,156,high,0.6,0,0,4,sales,1,16,8,25
3,154,medium,0.6,0,0,4,hr,0,15,9,25
3,152,medium,0.6,0,0,2,management,0,25,7,25
3,158,medium,0.6,0,0,3,technical,0,20,7,25
4,187,medium,0.6,1,1,3,marketing,0,12,7,22
4,186,low,0.6,1,0,2,technical,0,20,7,22
4,173,low,0.6,0,0,1,support,0,18,7,22
4,188,low,0.6,1,1,3,technical,0,20,7,22
4,176,medium,0.6,0,0,3,hr,0,15,7,22
4,173,medium,0.6,0,0,3,management,0,25,9,22
4,180,low,0.6,1,1,2,management,0,25,7,22
4,177,medium,0.6,1,1,1,management,0,25,7,22
4,181,low,0.6,0,0,3,support,0,18,7,22
4,175,high,0.6,1,0,2,management,0,25,9,22
4,190,medium,0.6,0,1,1,hr,0,15,7,22
4,185,high,0.6,1,1,3,marketing,0,12,9,22
5,220,high,0.6,1,0,5,hr,0,15,7,25
5,210,high,0.6,0,1,1,technical,0,20,7,25
5,193,high,0.6,1,0,1,technical,0,20,7,25
5,190,high,0.6,0,1,2,sales,0,16,9,25
5,191,high,0.6,0,0,2,technical,0,20,7,25
5,203,high,0.6,1,1,2,sales,0,16,8,25
5,190,high,0.6,0,1,2,management,0,25,7,25
5,193,high,0.6,0,1,1,technical,0,20,7,25
5,207,high,0.6,0,0,2,technical,0,20,7,25
5,210,high,0.6,1,0,2,sales,0,16,7,25
5,200,high,0.6,0,1,1,management,0,25,7,25
2,139,low,0.59,0,0,4,technical,0,20,7,7
2,141,high,0.59,0,0,4,technical,0,20,7,7
2,146,high,0.59,0,0,4,marketing,1,12,7,7
2,138,medium,0.59,0,0,3,sales,1,16,7,7
2,140,high,0.59,0,0,5,management,0,25,7,7
2,148,medium,0.59,0,0,3,hr,0,15,7,7
2,134,medium,0.59,0,0,5,management,0,25,9,7
2,135,high,0.59,0,0,5,marketing,0,12,7,7
2,149,low,0.59,0,0,4,technical,0,20,7,7
2,147,medium,0.59,0,0,4,support,0,18,8,7
3,154,medium,0.59,1,0,4,hr,0,15,9,25
3,162,low,0.59,0,0,3,management,0,25,7,25
3,169,low,0.59,0,0,4,hr,0,15,7,25
3,159,low,0.59,0,0,4,support,0,18,7,25
3,167,high,0.59,0,0,4,management,0,25,9,25
3,166,medium,0.59,0,0,2,sales,1,16,7,25
3,163,medium,0.59,0,0,2,hr,0,15,7,25
3,169,medium,0.59,0,0,3,management,0,25,7,25
4,178,low,0.59,0,1,2,technical,0,20,9,23
4,189,low,0.59,0,1,2,support,0,18,9,23
4,184,medium,0.59,0,1,3,support,0,18,7,23
4,172,high,0.59,0,1,2,marketing,0,12,7,23
4,185,low,0.59,0,0,3,hr,0,15,7,23
4,188,medium,0.59,1,0,3,technical,0,20,7,22
4,173,high,0.59,1,1,3,hr,0,15,7,22
4,184,high,0.59,1,0,2,sales,1,16,7,22
4,182,low,0.59,0,1,2,technical,1,20,7,22
4,175,medium,0.59,0,1,2,management,0,25,7,22
4,178,high,0.59,0,1,2,marketing,0,12,7,22
4,182,medium,0.59,0,1,3,management,0,25,7,22
4,171,medium,0.59,1,1,3,support,0,18,7,22
4,186,medium,0.59,0,1,1,management,0,25,7,22
4,186,medium,0.59,0,1,1,sales,0,16,7,22
4,180,high,0.59,1,1,3,marketing,0,12,9,22
5,204,high,0.59,0,0,1,support,0,18,7,25
5,201,high,0.59,0,1,1,support,0,18,7,25
5,201,high,0.59,0,1,1,support,0,18,7,25
5,203,high,0.59,1,1,1,management,0,25,7,25
5,210,high,0.59,0,1,2,marketing,0,12,7,25
5,193,high,0.59,0,1,1,technical,0,20,8,25
2,145,low,0.58,0,0,5,technical,0,20,7,8
2,138,high,0.58,0,0,4,marketing,1,12,7,8
2,144,medium,0.58,1,0,4,technical,0,20,7,8
2,150,medium,0.58,0,0,5,marketing,0,12,7,8
2,132,low,0.58,0,0,3,sales,0,16,7,8
2,135,low,0.58,0,0,3,technical,0,20,7,8
2,150,medium,0.58,0,0,4,marketing,0,12,7,7
2,135,high,0.58,0,0,4,hr,0,15,8,7
2,147,low,0.58,0,0,3,hr,0,15,7,7
2,142,medium,0.58,0,0,4,support,0,18,7,7
2,137,medium,0.58,0,0,5,sales,1,16,8,7
2,145,high,0.58,0,0,5,marketing,0,12,7,7
3,170,medium,0.58,1,0,2,technical,0,20,7,25
3,157,high,0.58,0,0,3,management,0,25,7,25
3,150,high,0.58,0,0,4,management,1,25,9,25
3,163,high,0.58,1,0,4,marketing,0,12,7,25
3,152,high,0.58,1,0,2,marketing,1,12,7,25
3,154,high,0.58,0,0,4,sales,0,16,7,25
3,153,low,0.58,0,0,4,sales,0,16,7,25
3,164,low,0.58,0,0,3,sales,0,16,8,25
3,165,low,0.58,0,0,2,marketing,0,12,7,25
3,156,low,0.58,0,0,2,technical,0,20,7,25
3,168,medium,0.58,0,0,3,technical,0,20,9,25
3,169,high,0.58,0,0,3,management,0,25,8,25
3,169,high,0.58,0,0,4,management,0,25,7,25
3,154,medium,0.58,0,0,2,marketing,0,12,9,25
3,165,medium,0.58,0,0,4,hr,0,15,7,25
3,166,medium,0.58,0,0,4,support,0,18,7,25
4,172,high,0.58,1,1,2,support,0,18,7,23
4,173,high,0.58,0,1,1,management,0,25,7,23
4,176,high,0.58,1,1,2,marketing,0,12,9,23
4,187,medium,0.58,1,0,2,management,0,25,8,23
4,188,high,0.58,0,0,1,management,0,25,7,23
4,175,high,0.58,1,1,1,support,0,18,7,23
4,183,high,0.58,0,1,2,management,0,25,7,23
4,189,low,0.58,1,1,1,technical,0,20,8,23
4,175,low,0.58,0,1,1,technical,0,20,7,23
4,187,medium,0.58,0,1,3,technical,0,20,7,23
4,188,medium,0.58,0,0,3,management,0,25,7,23
4,170,medium,0.58,1,1,2,management,0,25,7,23
4,181,medium,0.58,0,1,3,hr,0,15,7,23
5,192,high,0.58,0,0,1,marketing,0,12,8,25
5,197,high,0.58,0,0,1,sales,0,16,7,25
5,197,high,0.58,0,1,1,sales,0,16,7,25
5,205,high,0.58,0,1,1,management,0,25,7,25
5,209,high,0.58,0,1,2,marketing,0,12,7,25
5,190,high,0.58,1,1,1,support,0,18,7,25
5,204,high,0.58,0,1,1,hr,0,15,7,25
2,141,high,0.57,0,0,5,hr,0,15,7,8
2,143,high,0.57,0,0,3,sales,0,16,8,8
2,133,medium,0.57,1,0,3,support,0,18,7,8
2,137,medium,0.57,1,0,3,technical,0,20,7,8
2,137,medium,0.57,0,0,4,marketing,0,12,7,8
2,144,high,0.57,0,0,3,hr,0,15,7,8
2,136,medium,0.57,0,0,5,technical,0,20,7,8
2,144,medium,0.57,0,0,4,management,0,25,7,8
2,138,medium,0.57,0,0,5,management,0,25,7,8
2,143,medium,0.57,0,0,5,hr,1,15,8,8
2,146,high,0.57,0,0,4,marketing,0,12,7,8
2,149,medium,0.57,0,0,5,marketing,0,12,9,8
2,150,low,0.57,0,0,4,management,0,25,7,8
2,136,medium,0.57,0,0,5,support,0,18,7,8
2,134,medium,0.57,0,0,3,marketing,0,12,8,8
3,158,high,0.57,1,0,3,technical,0,20,7,25
3,151,high,0.57,0,0,4,marketing,1,12,9,25
3,165,low,0.57,0,0,3,sales,0,16,8,25
3,169,medium,0.57,1,0,3,technical,0,20,7,25
3,169,medium,0.57,0,0,4,management,0,25,7,25
3,152,low,0.57,0,0,4,support,0,18,9,25
3,157,low,0.57,0,0,3,management,0,25,7,25
3,160,medium,0.57,0,0,3,support,0,18,7,25
3,157,high,0.57,0,0,4,support,0,18,7,25
3,170,medium,0.57,0,0,4,hr,0,15,7,25
3,166,medium,0.57,0,0,4,sales,0,16,7,25
4,185,medium,0.57,0,0,3,hr,0,15,7,23
4,170,low,0.57,0,0,3,hr,1,15,7,23
4,174,medium,0.57,0,0,3,management,0,25,7,23
4,189,medium,0.57,1,1,3,hr,0,15,7,23
4,186,high,0.57,0,0,3,management,0,25,7,23
4,181,low,0.57,0,1,2,management,1,25,7,23
4,190,low,0.57,1,1,1,sales,0,16,7,23
5,199,high,0.57,1,1,1,sales,0,16,8,25
5,200,high,0.57,0,0,1,technical,0,20,8,25
5,203,high,0.57,1,1,1,sales,0,16,7,25
5,206,high,0.57,0,1,2,support,0,18,7,25
5,190,high,0.57,1,1,2,sales,0,16,8,25
5,209,high,0.57,0,1,1,technical,0,20,7,25
2,139,medium,0.56,0,0,5,management,0,25,8,8
2,139,high,0.56,1,0,5,marketing,0,12,7,8
2,145,high,0.56,0,0,3,marketing,0,12,7,8
2,133,low,0.56,0,0,5,sales,0,16,7,8
2,146,low,0.56,0,0,4,sales,0,16,7,8
2,144,low,0.56,0,0,5,sales,0,16,7,8
2,144,medium,0.56,0,0,5,management,0,25,7,8
2,134,high,0.56,0,0,3,sales,0,16,7,8
3,152,high,0.56,0,0,4,hr,0,15,7,23
3,161,high,0.56,0,0,2,hr,1,15,7,23
3,164,low,0.56,0,0,2,sales,0,16,7,23
3,157,medium,0.56,0,0,3,technical,0,20,7,23
3,166,low,0.56,0,0,3,marketing,0,12,9,23
3,168,low,0.56,0,0,2,management,0,25,7,23
3,152,low,0.56,0,0,3,sales,0,16,7,23
3,166,medium,0.56,0,0,4,hr,0,15,7,23
4,179,medium,0.56,1,0,2,management,0,25,7,23
4,190,medium,0.56,0,1,2,technical,0,20,7,23
4,175,low,0.56,0,1,3,technical,0,20,7,23
4,184,medium,0.56,0,1,3,marketing,0,12,7,23
4,184,high,0.56,1,1,3,marketing,0,12,7,23
4,180,high,0.56,0,0,3,management,0,25,7,23
4,173,medium,0.56,1,1,2,sales,0,16,7,23
4,170,high,0.56,1,1,1,technical,0,20,9,23
4,172,high,0.56,1,1,1,management,0,25,9,23
4,173,medium,0.56,1,1,2,technical,0,20,7,23
4,184,low,0.56,1,1,1,sales,0,16,7,23
4,178,high,0.56,1,0,2,technical,0,20,7,23
5,197,medium,0.56,1,1,2,management,0,25,8,25
5,201,high,0.56,0,0,1,support,0,18,7,25
5,198,medium,0.56,1,0,1,support,0,18,7,25
5,204,medium,0.56,1,1,1,support,0,18,8,25
5,191,high,0.56,0,1,1,marketing,0,12,7,25
5,201,high,0.56,0,1,2,technical,0,20,9,25
5,196,high,0.56,0,1,1,technical,0,20,7,25
5,193,high,0.56,0,1,1,marketing,0,12,7,25
2,131,medium,0.55,1,0,5,management,0,25,7,9
2,150,low,0.55,1,0,5,hr,1,15,9,9
2,144,medium,0.55,1,0,3,technical,0,20,9,9
2,131,medium,0.55,0,0,4,marketing,0,12,7,9
2,145,low,0.55,0,0,5,marketing,0,12,7,9
2,137,high,0.55,1,0,4,marketing,0,12,7,8
2,143,low,0.55,0,0,5,sales,0,16,7,8
2,142,medium,0.55,0,0,5,marketing,0,12,7,8
2,148,high,0.55,0,0,4,management,0,25,7,8
2,138,low,0.55,1,0,5,hr,0,15,7,8
2,130,low,0.55,0,0,4,technical,0,20,7,8
2,142,high,0.55,0,0,5,sales,0,16,7,8
2,150,medium,0.55,0,0,3,management,1,25,7,8
2,135,low,0.55,0,0,4,support,0,18,8,8
2,130,medium,0.55,0,0,3,marketing,0,12,7,8
2,146,high,0.55,0,0,4,marketing,0,12,9,8
2,133,medium,0.55,0,0,3,marketing,0,12,7,8
3,163,high,0.55,0,0,3,management,0,25,7,23
3,158,high,0.55,0,0,4,support,0,18,7,23
3,170,high,0.55,0,0,3,management,0,25,7,23
3,163,high,0.55,0,0,4,management,0,25,7,23
3,158,low,0.55,0,0,4,hr,0,15,7,23
3,162,medium,0.55,0,0,2,management,0,25,7,23
3,165,high,0.55,0,0,3,marketing,0,12,7,23
4,171,medium,0.55,1,1,3,management,0,25,7,24
4,173,high,0.55,0,1,2,technical,0,20,7,24
4,182,medium,0.55,0,0,3,hr,0,15,8,24
4,185,low,0.55,0,0,3,technical,0,20,9,24
4,177,medium,0.55,0,1,1,marketing,0,12,7,24
4,185,low,0.55,0,0,2,sales,0,16,7,24
4,171,low,0.55,0,1,2,technical,1,20,9,23
4,178,high,0.55,1,0,2,marketing,0,12,7,23
4,178,high,0.55,0,1,1,hr,0,15,9,23
4,190,medium,0.55,0,0,2,marketing,0,12,8,23
4,181,medium,0.55,0,0,1,technical,0,20,7,23
5,220,high,0.55,1,0,5,hr,0,15,7,25
5,210,medium,0.55,1,1,1,management,0,25,7,25
5,199,high,0.55,0,1,1,support,0,18,7,25
5,191,high,0.55,0,1,2,marketing,0,12,7,25
5,191,medium,0.55,0,1,1,support,0,18,7,25
5,207,medium,0.55,0,1,1,management,0,25,8,25
5,201,high,0.55,0,1,1,sales,0,16,7,25
5,198,high,0.55,0,1,1,sales,0,16,7,25
5,209,medium,0.55,0,1,1,support,0,18,7,25
5,198,high,0.55,0,1,1,marketing,0,12,7,25
5,204,medium,0.55,0,1,1,technical,0,20,7,25
2,130,medium,0.54,0,0,3,management,0,25,7,9
2,149,low,0.54,0,0,4,management,0,25,9,9
2,142,high,0.54,0,0,3,marketing,0,12,7,9
2,141,low,0.54,0,0,5,support,0,18,7,9
2,142,high,0.54,0,0,4,hr,0,15,9,9
2,137,medium,0.54,0,0,5,hr,1,15,7,9
2,135,medium,0.54,0,0,4,sales,0,16,7,9
2,138,high,0.54,0,0,5,management,0,25,7,9
2,133,medium,0.54,0,0,5,management,0,25,7,9
3,155,medium,0.54,1,0,2,technical,0,20,7,23
3,150,low,0.54,0,0,4,marketing,0,12,7,23
3,155,medium,0.54,0,0,3,sales,0,16,7,23
3,155,medium,0.54,0,0,2,marketing,0,12,7,23
3,166,medium,0.54,0,0,2,sales,0,16,8,23
3,157,medium,0.54,0,0,4,marketing,0,12,7,23
3,157,medium,0.54,0,0,4,support,1,18,8,23
3,159,medium,0.54,0,0,3,management,0,25,8,23
3,164,low,0.54,0,0,2,marketing,0,12,7,23
3,154,medium,0.54,0,0,4,hr,0,15,8,23
3,169,medium,0.54,0,0,3,hr,0,15,7,23
3,153,high,0.54,0,0,4,technical,0,20,7,23
4,174,low,0.54,0,1,3,support,0,18,7,24
4,180,low,0.54,0,1,1,management,0,25,9,24
4,189,low,0.54,0,1,2,support,0,18,7,24
4,174,low,0.54,0,1,3,sales,0,16,7,24
4,183,medium,0.54,0,1,2,management,0,25,7,24
4,182,medium,0.54,0,1,1,sales,0,16,7,24
4,183,medium,0.54,0,1,1,support,1,18,7,24
4,179,high,0.54,0,1,1,management,0,25,7,24
4,176,medium,0.54,1,1,1,sales,0,16,9,24
4,182,high,0.54,1,0,2,management,0,25,7,24
5,133,high,0.54,1,0,3,marketing,0,12,7,25
5,208,high,0.54,0,0,1,marketing,0,12,8,25
5,206,high,0.54,0,0,1,technical,0,20,7,25
5,194,high,0.54,0,1,1,management,0,25,7,25
5,205,high,0.54,1,1,2,management,0,25,8,25
5,190,medium,0.54,0,1,1,management,0,25,7,25
5,197,high,0.54,0,1,2,support,0,18,7,25
5,194,medium,0.54,0,1,2,marketing,0,12,9,25
5,198,high,0.54,0,0,1,technical,0,20,7,25
2,150,medium,0.53,1,0,5,management,0,25,7,10
2,131,low,0.53,1,0,4,support,0,18,7,10
2,131,low,0.53,0,0,3,sales,0,16,7,10
2,140,low,0.53,0,0,3,technical,0,20,8,10
2,139,high,0.53,1,0,3,marketing,0,12,7,10
2,131,high,0.53,1,0,5,marketing,0,12,7,10
2,132,medium,0.53,1,0,4,support,0,18,8,10
2,140,high,0.53,0,0,5,marketing,0,12,7,10
2,147,low,0.53,0,0,5,support,0,18,7,10
2,138,medium,0.53,0,0,4,management,0,25,7,9
2,144,medium,0.53,0,0,5,sales,0,16,9,9
2,138,high,0.53,0,0,3,marketing,0,12,7,9
2,148,high,0.53,0,0,5,marketing,0,12,7,9
2,146,high,0.53,0,0,5,marketing,0,12,7,9
3,156,medium,0.53,1,0,2,management,0,25,7,23
3,159,medium,0.53,0,0,4,management,0,25,7,23
3,167,medium,0.53,0,0,3,management,0,25,7,23
3,167,medium,0.53,0,0,3,management,0,25,8,23
3,158,medium,0.53,1,0,3,technical,0,20,9,20
3,157,high,0.53,0,0,4,management,0,25,7,20
3,157,low,0.53,0,0,3,hr,0,15,7,20
3,169,medium,0.53,0,0,4,support,0,18,7,20
3,162,high,0.53,0,0,2,sales,0,16,8,20
3,161,medium,0.53,0,0,2,marketing,0,12,8,20
3,170,medium,0.53,0,0,4,hr,0,15,9,20
3,170,low,0.53,1,0,4,sales,0,16,7,23
3,152,high,0.53,1,0,4,sales,0,16,7,23
3,166,medium,0.53,0,0,4,marketing,0,12,7,23
3,151,low,0.53,0,0,4,technical,0,20,7,23
4,184,low,0.53,1,0,3,support,0,18,9,23
4,183,high,0.53,0,1,2,management,1,25,7,23
4,172,low,0.53,0,0,2,management,0,25,7,23
4,173,low,0.53,1,1,3,support,0,18,7,20
4,174,low,0.53,1,1,1,marketing,0,12,7,24
4,170,high,0.53,0,1,2,management,0,25,7,24
4,175,medium,0.53,1,1,1,management,0,25,7,24
4,171,high,0.53,0,1,1,marketing,0,12,7,24
4,182,high,0.53,0,1,1,management,1,25,7,24
5,204,high,0.53,1,1,1,management,0,25,7,25
5,207,medium,0.53,1,0,1,sales,0,16,7,25
5,192,medium,0.53,1,1,1,management,0,25,7,25
5,210,high,0.53,1,1,2,marketing,0,12,7,25
5,204,medium,0.53,1,0,2,marketing,1,12,7,25
5,201,medium,0.53,1,0,1,hr,0,15,7,25
5,199,medium,0.53,1,0,1,marketing,0,12,7,25
5,205,high,0.53,1,1,1,marketing,0,12,7,25
5,192,high,0.53,1,1,1,hr,0,15,7,25
5,203,high,0.53,1,1,1,hr,0,15,7,25
5,206,high,0.53,1,0,1,marketing,0,12,7,25
5,200,high,0.53,1,0,1,marketing,0,12,9,25
5,196,high,0.53,1,0,1,hr,0,15,7,25
5,201,high,0.53,1,1,1,hr,0,15,7,25
5,194,high,0.53,0,1,1,management,0,25,8,25
5,195,high,0.53,0,0,2,management,0,25,7,25
5,203,high,0.53,0,0,1,sales,0,16,7,25
2,150,medium,0.52,0,0,5,management,0,25,7,10
2,137,medium,0.52,1,0,5,management,0,25,7,10
2,145,high,0.52,1,0,5,marketing,0,12,7,10
2,136,low,0.52,0,0,4,technical,0,20,7,10
2,150,medium,0.52,0,0,5,management,0,25,7,10
2,144,medium,0.52,0,0,3,management,0,25,7,10
2,148,medium,0.52,0,0,4,management,0,25,7,10
2,145,high,0.52,1,0,4,management,0,25,7,10
2,146,low,0.52,0,0,3,support,0,18,7,10
2,148,medium,0.52,0,0,5,management,0,25,7,10
2,132,high,0.52,0,0,5,marketing,0,12,9,10
2,145,medium,0.52,0,0,4,management,0,25,9,10
2,141,medium,0.52,0,0,3,sales,0,16,9,10
2,145,high,0.52,0,0,4,hr,0,15,7,10
3,162,high,0.52,1,0,4,sales,0,16,7,22
3,160,low,0.52,0,1,3,sales,0,16,7,22
3,163,medium,0.52,0,0,2,technical,0,20,7,22
3,151,low,0.52,0,0,4,hr,1,15,7,22
3,163,high,0.52,0,0,4,support,0,18,7,22
3,152,medium,0.52,1,0,4,marketing,0,12,7,22
3,166,medium,0.52,0,0,2,marketing,0,12,7,22
3,162,low,0.52,0,0,4,support,0,18,7,23
3,170,low,0.52,0,0,2,technical,0,20,7,23
3,166,low,0.52,0,0,3,marketing,0,12,7,23
4,178,medium,0.52,0,1,1,sales,0,16,8,22
4,182,high,0.52,1,1,3,support,0,18,7,22
4,189,medium,0.52,0,1,2,management,0,25,7,22
4,174,high,0.52,1,1,3,hr,0,15,8,22
4,183,medium,0.52,0,1,2,management,0,25,8,22
4,188,low,0.52,1,1,2,support,0,18,7,22
4,185,high,0.52,0,1,2,hr,0,15,7,22
4,187,medium,0.52,1,1,3,marketing,0,12,7,22
4,189,medium,0.52,0,0,1,hr,0,15,8,22
4,179,medium,0.52,0,1,2,support,0,18,7,22
4,178,medium,0.52,1,0,3,technical,0,20,7,23
4,181,high,0.52,0,1,2,marketing,0,12,7,23
4,181,high,0.52,0,1,1,marketing,0,12,7,23
5,190,medium,0.52,1,1,1,support,0,18,7,25
5,201,high,0.52,1,1,1,technical,0,20,8,25
5,205,high,0.52,1,1,1,hr,0,15,7,25
5,203,high,0.52,1,1,1,technical,0,20,9,25
5,197,medium,0.52,1,1,1,management,0,25,7,25
5,203,high,0.52,1,1,1,support,0,18,8,25
5,205,high,0.52,1,1,1,marketing,0,12,7,25
5,205,high,0.52,1,1,1,hr,0,15,7,25
5,208,medium,0.52,1,0,1,technical,0,20,9,25
5,203,medium,0.52,1,0,2,management,0,25,7,25
5,210,medium,0.52,1,1,1,support,0,18,9,25
5,191,high,0.52,1,0,1,sales,0,16,7,25
5,201,medium,0.52,1,1,1,management,0,25,8,25
5,202,high,0.52,1,0,1,marketing,0,12,7,25
5,193,high,0.52,1,1,1,marketing,0,12,7,25
2,146,low,0.51,0,0,3,sales,0,16,7,10
2,143,medium,0.51,1,0,4,marketing,0,12,7,10
2,130,medium,0.51,0,0,3,management,0,25,9,10
2,133,low,0.51,0,0,5,technical,0,20,9,10
2,141,low,0.51,0,0,5,hr,0,15,7,10
2,133,high,0.51,0,0,3,marketing,0,12,8,10
2,133,medium,0.51,0,0,3,management,0,25,7,10
3,152,high,0.51,1,0,4,management,0,25,9,19
3,165,medium,0.51,1,0,3,hr,0,15,7,19
3,158,low,0.51,0,0,3,management,0,25,7,19
3,169,medium,0.51,0,0,4,management,0,25,7,19
3,161,medium,0.51,0,0,4,support,0,18,9,19
3,158,low,0.51,0,0,4,hr,0,15,7,19
3,158,low,0.51,0,0,2,marketing,0,12,7,19
3,168,low,0.51,0,0,2,technical,0,20,7,19
3,166,medium,0.51,0,0,3,technical,0,20,9,19
3,167,low,0.51,0,0,2,support,0,18,8,19
3,155,medium,0.51,0,0,3,support,0,18,7,18
4,170,low,0.51,0,1,2,technical,0,20,9,19
4,174,high,0.51,1,1,1,management,0,25,7,19
4,180,high,0.51,1,1,1,management,0,25,7,19
4,188,high,0.51,1,1,2,support,0,18,7,19
4,183,medium,0.51,0,1,2,hr,0,15,7,19
4,171,high,0.51,1,0,3,technical,0,20,7,19
4,179,medium,0.51,0,0,1,technical,0,20,9,19
4,171,high,0.51,1,0,3,marketing,0,12,9,19
4,176,medium,0.51,0,1,1,sales,0,16,9,19
4,184,medium,0.51,0,1,3,management,0,25,7,10
5,194,high,0.51,1,1,2,sales,0,16,7,25
5,207,high,0.51,1,1,2,support,0,18,8,25
5,191,high,0.51,1,1,1,support,0,18,7,25
5,192,medium,0.51,1,1,1,hr,0,15,8,25
5,203,medium,0.51,1,1,1,marketing,0,12,7,25
5,193,medium,0.51,1,1,2,support,0,18,7,25
5,200,high,0.51,1,1,1,support,0,18,7,25
5,192,medium,0.51,1,1,1,hr,0,15,7,25
5,206,medium,0.51,1,1,1,technical,0,20,7,25
5,202,medium,0.51,1,0,2,technical,0,20,7,25
2,146,medium,0.5,0,0,4,management,0,25,7,10
2,133,medium,0.5,0,0,4,sales,0,16,7,10
2,138,medium,0.5,0,0,3,marketing,0,12,7,10
2,131,medium,0.5,0,0,3,marketing,0,12,7,10
2,146,medium,0.5,0,0,5,technical,0,20,7,10
2,135,medium,0.5,0,0,3,marketing,0,12,8,10
2,132,medium,0.5,0,0,4,technical,0,20,7,10
2,134,medium,0.5,0,0,5,marketing,0,12,8,10
2,132,medium,0.5,0,0,4,hr,0,15,7,10
3,153,medium,0.5,1,0,2,hr,0,15,7,19
3,163,medium,0.5,0,0,2,technical,0,20,7,19
3,166,low,0.5,0,0,4,hr,0,15,7,19
3,166,medium,0.5,0,0,4,sales,0,16,7,19
3,159,medium,0.5,0,0,3,marketing,0,12,7,19
3,160,medium,0.5,0,0,3,management,0,25,7,19
3,153,medium,0.5,0,0,4,management,0,25,7,19
3,152,low,0.5,0,0,3,marketing,0,12,7,19
3,166,medium,0.5,0,0,3,sales,0,16,7,19
3,157,medium,0.5,0,0,4,management,0,25,7,19
4,178,low,0.5,0,1,2,support,0,18,7,19
4,184,low,0.5,0,1,1,hr,0,15,7,19
4,220,medium,0.5,1,0,2,sales,0,16,7,19
4,180,low,0.5,1,1,3,management,0,25,8,19
4,175,medium,0.5,0,1,3,support,0,18,7,19
4,227,medium,0.5,0,1,1,support,0,18,7,19
4,228,medium,0.5,0,1,1,technical,0,20,9,19
4,227,low,0.5,0,1,1,sales,0,16,7,19
4,220,low,0.5,0,0,2,support,0,18,7,19
4,173,low,0.5,1,1,2,management,0,25,7,19
4,186,medium,0.5,0,0,2,hr,1,15,7,19
4,184,medium,0.5,1,1,1,technical,0,20,7,19
4,174,low,0.5,0,0,1,marketing,0,12,7,19
4,183,low,0.5,1,0,2,management,0,25,7,19
4,181,low,0.5,1,1,1,marketing,0,12,7,19
4,181,medium,0.5,0,1,3,hr,0,15,7,19
4,173,medium,0.5,1,0,1,marketing,0,12,7,19
4,182,medium,0.5,0,1,3,marketing,0,12,7,19
4,178,medium,0.5,0,0,3,management,0,25,9,19
5,201,medium,0.5,1,1,2,technical,0,20,7,25
5,198,medium,0.5,1,1,1,marketing,0,12,8,25
5,205,medium,0.5,1,1,1,management,0,25,7,25
5,197,medium,0.5,1,0,1,support,0,18,7,25
5,201,medium,0.5,1,0,2,management,0,25,7,25
5,190,medium,0.5,1,1,1,sales,0,16,7,25
5,191,medium,0.5,1,0,1,marketing,0,12,7,25
5,202,medium,0.5,1,1,1,hr,0,15,7,25
5,191,medium,0.5,1,1,2,support,0,18,7,25
5,196,medium,0.5,1,1,1,sales,0,16,7,25
5,202,medium,0.5,1,1,1,marketing,0,12,7,25
5,192,medium,0.5,1,0,1,management,0,25,7,25
5,202,medium,0.5,1,1,2,hr,0,15,9,25
6,212,medium,0.5,1,1,2,technical,0,20,9,31
3,160,medium,0.49,0,0,2,hr,1,15,9,19
3,168,low,0.49,0,0,4,sales,0,16,7,19
3,153,medium,0.49,0,0,2,marketing,0,12,7,19
3,163,medium,0.49,0,0,4,technical,0,20,7,19
3,152,medium,0.49,0,0,3,sales,0,16,7,19
3,157,medium,0.49,0,0,2,sales,0,16,7,19
3,167,medium,0.49,0,0,4,marketing,0,12,9,19
3,161,low,0.49,0,0,3,hr,0,15,7,19
3,169,low,0.49,0,0,4,support,0,18,7,19
4,225,low,0.49,0,1,1,support,1,18,7,19
4,188,medium,0.49,0,1,3,management,0,25,7,19
4,221,low,0.49,1,0,2,hr,0,15,8,19
4,214,low,0.49,1,1,1,technical,0,20,7,19
4,214,medium,0.49,0,1,1,marketing,0,12,7,19
4,175,medium,0.49,0,1,2,sales,1,16,7,19
4,175,medium,0.49,0,1,3,sales,0,16,9,19
4,171,medium,0.49,0,1,1,management,0,25,7,19
4,230,low,0.49,1,1,1,management,0,25,7,19
4,221,medium,0.49,1,1,1,marketing,0,12,7,19
4,181,medium,0.49,0,1,1,marketing,1,12,7,19
4,172,medium,0.49,0,1,1,marketing,1,12,7,19
4,215,low,0.49,1,1,1,support,0,18,7,19
4,223,medium,0.49,0,1,1,support,0,18,7,19
4,220,low,0.49,1,1,1,sales,0,16,7,19
4,222,medium,0.49,0,0,1,sales,0,16,7,19
4,179,medium,0.49,0,1,2,support,0,18,7,19
4,178,medium,0.49,0,0,3,support,0,18,7,19
4,174,low,0.49,0,1,2,management,0,25,7,19
5,201,medium,0.49,1,1,1,management,0,25,7,25
5,191,medium,0.49,1,1,2,marketing,0,12,7,25
5,203,medium,0.49,1,1,1,sales,0,16,7,25
5,210,medium,0.49,1,0,2,sales,0,16,7,25
5,203,medium,0.49,1,1,1,hr,0,15,8,25
5,201,medium,0.49,1,1,1,hr,0,15,7,25
5,210,medium,0.49,1,0,2,technical,0,20,7,25
5,200,medium,0.49,1,1,2,technical,0,20,7,25
5,207,medium,0.49,1,1,1,marketing,0,12,7,25
5,206,medium,0.49,1,1,1,hr,0,15,7,25
6,220,low,0.49,1,1,1,sales,0,16,7,31
3,156,medium,0.48,0,0,2,support,0,18,7,19
3,155,low,0.48,0,0,2,support,0,18,7,19
3,167,low,0.48,0,0,3,support,1,18,7,19
3,170,medium,0.48,0,0,3,hr,0,15,7,19
4,172,medium,0.48,0,1,1,management,1,25,8,19
4,223,low,0.48,1,1,2,hr,0,15,7,19
4,212,medium,0.48,0,1,2,support,0,18,9,19
4,167,medium,0.48,0,0,4,marketing,0,12,7,19
4,184,low,0.48,1,1,2,sales,0,16,7,19
4,210,low,0.48,0,1,1,support,0,18,7,19
4,182,medium,0.48,0,1,1,technical,1,20,9,19
4,221,low,0.48,1,0,2,marketing,0,12,7,19
4,180,medium,0.48,0,1,2,technical,0,20,7,19
4,214,medium,0.48,0,0,1,technical,0,20,9,19
4,228,low,0.48,0,1,2,sales,0,16,7,19
4,221,medium,0.48,0,0,1,management,0,25,8,19
4,212,medium,0.48,0,1,1,technical,0,20,7,19
4,176,medium,0.48,0,0,3,management,0,25,7,19
4,186,low,0.48,0,1,3,sales,0,16,7,19
4,229,low,0.48,1,1,1,marketing,0,12,8,19
4,211,medium,0.48,0,0,2,management,0,25,7,19
4,175,medium,0.48,1,1,3,sales,0,16,7,19
5,210,medium,0.48,1,1,2,marketing,0,12,7,25
5,205,medium,0.48,1,1,2,support,0,18,9,25
5,204,medium,0.48,1,1,1,technical,0,20,7,25
5,195,medium,0.48,1,1,2,technical,0,20,7,25
5,198,medium,0.48,1,0,1,sales,0,16,7,25
5,210,medium,0.48,1,1,1,support,0,18,7,25
5,191,medium,0.48,1,0,1,sales,0,16,7,25
5,196,medium,0.48,1,1,2,marketing,0,12,7,25
5,195,medium,0.48,1,1,1,support,0,18,7,25
3,161,medium,0.47,0,0,3,support,0,18,8,19
3,153,low,0.47,0,0,3,support,0,18,8,19
3,153,medium,0.47,0,0,3,technical,0,20,7,19
3,150,low,0.47,0,0,4,sales,0,16,7,19
3,160,low,0.47,0,0,4,marketing,0,12,8,19
3,162,low,0.47,0,0,4,hr,0,15,7,19
3,150,medium,0.47,0,0,2,technical,0,20,9,19
3,167,medium,0.47,0,0,3,support,0,18,7,19
3,166,low,0.47,0,0,4,support,0,18,8,19
3,150,medium,0.47,0,0,3,marketing,0,12,7,19
3,170,medium,0.47,0,0,4,technical,0,20,9,19
4,222,low,0.47,0,1,1,sales,0,16,7,19
4,185,medium,0.47,1,0,3,marketing,0,12,9,19
4,218,medium,0.47,0,1,1,hr,0,15,7,19
4,185,medium,0.47,0,1,3,marketing,0,12,7,19
4,214,medium,0.47,0,0,1,hr,0,15,7,19
4,173,medium,0.47,0,1,2,marketing,0,12,8,19
4,214,low,0.47,0,0,2,support,0,18,7,19
4,224,low,0.47,0,0,1,technical,0,20,7,19
4,215,medium,0.47,1,0,1,management,0,25,7,19
4,190,medium,0.47,1,1,2,hr,0,15,7,19
4,214,medium,0.47,1,1,2,support,0,18,8,19
4,230,low,0.47,0,1,2,hr,0,15,7,19
4,171,low,0.47,0,1,3,management,0,25,7,19
4,213,medium,0.47,0,1,1,management,0,25,7,19
4,220,low,0.47,1,1,1,sales,0,16,9,19
4,221,medium,0.47,1,1,1,technical,0,20,7,19
4,184,medium,0.47,0,1,3,sales,0,16,9,19
4,190,medium,0.47,0,1,2,support,0,18,7,19
5,201,medium,0.47,1,0,1,sales,0,16,7,28
5,205,medium,0.47,1,1,1,sales,0,16,7,28
5,190,medium,0.47,1,1,1,support,0,18,7,28
5,167,medium,0.47,1,0,2,marketing,0,12,7,28
5,201,medium,0.47,1,1,2,hr,0,15,7,28
5,195,medium,0.47,1,0,1,sales,0,16,8,28
5,202,medium,0.47,1,0,1,technical,0,20,7,28
5,206,medium,0.47,1,0,1,sales,0,16,8,28
6,216,low,0.47,1,0,1,hr,0,15,7,31
3,157,medium,0.46,0,0,3,technical,0,20,7,19
3,161,low,0.46,0,0,3,technical,0,20,7,19
3,164,low,0.46,0,0,3,hr,0,15,7,19
3,156,low,0.46,0,0,2,marketing,0,12,7,19
3,165,low,0.46,0,0,2,technical,0,20,9,19
3,150,low,0.46,0,0,4,support,0,18,7,19
3,151,medium,0.46,0,0,2,management,0,25,9,19
3,170,medium,0.46,0,0,3,marketing,0,12,7,19
4,177,medium,0.46,1,1,2,management,0,25,7,19
4,175,low,0.46,0,1,1,sales,0,16,7,19
4,181,low,0.46,0,0,2,support,0,18,7,19
4,177,medium,0.46,0,1,1,support,0,18,7,19
4,181,low,0.46,1,0,2,marketing,0,12,7,19
4,188,medium,0.46,0,1,3,hr,0,15,7,19
4,189,medium,0.46,0,1,2,management,0,25,7,19
4,180,medium,0.46,0,1,2,sales,0,16,9,19
4,171,low,0.46,1,0,1,support,0,18,7,19
4,184,medium,0.46,0,1,3,marketing,0,12,7,19
4,180,medium,0.46,0,0,1,technical,0,20,8,19
4,180,medium,0.46,1,0,2,support,0,18,7,19
4,179,low,0.46,1,0,1,hr,0,15,7,19
5,197,medium,0.46,1,1,1,technical,0,20,7,28
5,193,medium,0.46,1,1,1,hr,0,15,7,28
5,203,medium,0.46,1,1,1,marketing,0,12,7,28
5,206,medium,0.46,1,1,1,support,0,18,7,28
5,192,medium,0.46,1,1,1,management,0,25,8,28
5,193,medium,0.46,1,1,2,technical,0,20,8,28
5,208,medium,0.46,1,1,2,support,0,18,9,28
6,224,low,0.46,1,0,1,hr,1,15,9,34
6,223,low,0.46,1,1,2,support,0,18,7,31
6,216,medium,0.46,1,1,1,marketing,1,12,7,31
6,219,medium,0.46,1,0,1,marketing,0,12,7,31
6,225,medium,0.46,1,0,2,hr,0,15,7,30
3,159,low,0.45,0,0,4,technical,0,20,7,20
3,153,medium,0.45,0,0,4,marketing,1,12,7,19
3,162,medium,0.45,0,0,4,hr,0,15,7,19
4,225,medium,0.45,1,1,1,support,0,18,7,20
4,229,low,0.45,0,1,1,support,0,18,7,20
4,184,medium,0.45,0,1,2,management,0,25,7,20
4,224,medium,0.45,0,1,2,management,0,25,7,20
4,182,medium,0.45,0,0,3,hr,0,15,7,20
4,211,medium,0.45,0,0,2,sales,0,16,9,20
4,214,medium,0.45,0,1,1,marketing,0,12,7,20
4,220,medium,0.45,0,1,1,support,0,18,7,20
4,225,low,0.45,1,1,1,technical,0,20,9,20
4,155,medium,0.45,1,0,4,marketing,0,12,7,20
4,184,low,0.45,0,0,1,support,1,18,7,20
4,156,medium,0.45,0,0,2,hr,0,15,7,20
4,177,medium,0.45,0,0,2,sales,0,16,7,20
4,169,medium,0.45,0,0,3,management,0,25,9,20
4,155,medium,0.45,0,0,3,technical,0,20,7,19
4,153,medium,0.45,0,0,3,support,0,18,7,19
4,172,low,0.45,1,1,2,support,0,18,7,19
4,210,low,0.45,0,0,1,support,0,18,7,19
4,224,medium,0.45,0,1,1,technical,0,20,8,19
4,213,low,0.45,1,1,2,support,0,18,7,19
4,214,low,0.45,1,0,2,support,0,18,9,19
4,215,low,0.45,1,0,1,technical,0,20,7,19
4,173,low,0.45,0,1,1,management,0,25,7,19
4,187,medium,0.45,0,0,2,technical,0,20,7,19
5,202,medium,0.45,1,1,2,sales,0,16,7,27
5,191,medium,0.45,1,1,1,marketing,0,12,7,27
5,194,medium,0.45,1,1,1,hr,0,15,7,28
5,191,medium,0.45,1,0,2,sales,0,16,7,28
5,196,medium,0.45,1,1,1,management,0,25,7,28
5,201,medium,0.45,1,1,1,support,0,18,7,28
5,195,medium,0.45,1,1,1,hr,0,15,7,28
5,206,medium,0.45,1,1,2,sales,0,16,7,28
5,201,medium,0.45,1,1,1,marketing,0,12,7,28
5,205,medium,0.45,1,1,2,hr,0,15,7,28
3,170,medium,0.44,0,0,2,sales,0,16,8,20
3,170,medium,0.44,0,0,2,hr,0,15,8,20
3,164,low,0.44,0,0,3,support,0,18,9,20
3,155,medium,0.44,0,0,2,marketing,0,12,7,20
3,151,low,0.44,0,0,3,hr,0,15,7,20
3,158,medium,0.44,0,0,4,marketing,0,12,7,20
3,170,low,0.44,0,0,2,management,0,25,7,20
3,170,low,0.44,0,0,3,support,0,18,7,20
4,170,medium,0.44,0,1,1,management,0,25,7,20
4,220,medium,0.44,0,1,1,management,0,25,7,20
4,219,low,0.44,1,1,2,hr,1,15,7,20
4,169,medium,0.44,0,0,4,management,0,25,7,20
4,187,low,0.44,1,0,3,sales,0,16,9,20
4,230,medium,0.44,0,0,1,hr,0,15,7,20
4,214,medium,0.44,0,0,1,management,1,25,7,20
4,220,medium,0.44,1,1,1,support,0,18,9,20
4,177,low,0.44,0,1,2,hr,0,15,7,20
4,217,low,0.44,0,0,2,management,0,25,8,20
4,225,low,0.44,0,0,1,technical,0,20,7,20
4,218,low,0.44,0,0,2,technical,1,20,7,20
4,212,low,0.44,0,1,1,management,0,25,7,20
4,182,medium,0.44,0,1,1,management,0,25,7,20
4,230,low,0.44,1,0,1,support,0,18,7,20
4,212,medium,0.44,0,1,1,management,0,25,9,20
4,173,medium,0.44,1,1,3,management,0,25,7,20
4,220,medium,0.44,0,0,2,sales,0,16,7,20
4,228,medium,0.44,1,1,2,support,0,18,7,20
4,181,medium,0.44,0,1,1,sales,0,16,7,20
4,154,medium,0.44,0,0,3,management,0,25,8,20
4,157,medium,0.44,0,0,3,support,0,18,9,20
4,230,low,0.44,1,0,2,support,0,18,8,20
4,223,medium,0.44,0,1,1,marketing,0,12,7,20
4,230,medium,0.44,0,1,2,support,0,18,9,20
4,224,low,0.44,0,0,1,sales,0,16,8,20
4,181,medium,0.44,1,1,1,marketing,0,12,7,20
5,210,medium,0.44,1,1,2,management,0,25,7,27
5,199,medium,0.44,1,0,1,hr,0,15,8,27
5,194,medium,0.44,1,1,1,sales,0,16,7,27
5,199,medium,0.44,1,1,2,management,0,25,9,27
5,210,medium,0.44,1,1,1,sales,0,16,7,27
3,163,low,0.43,0,0,3,technical,0,20,8,20
3,164,medium,0.43,0,0,4,marketing,0,12,7,20
3,156,medium,0.43,0,0,4,hr,0,15,7,20
3,167,medium,0.43,0,0,3,technical,0,20,7,20
3,166,medium,0.43,0,0,3,sales,0,16,7,20
3,153,medium,0.43,0,0,4,sales,0,16,7,20
3,160,low,0.43,0,0,4,hr,0,15,7,20
3,155,low,0.43,0,0,2,sales,0,16,7,20
3,152,low,0.43,0,0,4,sales,0,16,8,20
3,163,low,0.43,0,0,2,support,0,18,7,20
3,157,low,0.43,0,0,2,hr,0,15,7,20
3,156,medium,0.43,0,0,3,hr,0,15,7,20
4,181,low,0.43,0,1,1,support,0,18,7,22
4,184,medium,0.43,0,0,1,technical,0,20,7,22
4,187,medium,0.43,1,0,3,support,0,18,7,22
4,210,medium,0.43,0,1,1,sales,0,16,9,22
4,213,low,0.43,1,1,1,sales,1,16,7,22
4,212,medium,0.43,0,1,1,management,0,25,7,22
4,176,medium,0.43,1,1,2,marketing,0,12,7,22
4,182,low,0.43,1,1,1,hr,0,15,7,22
4,221,low,0.43,1,1,1,technical,0,20,7,22
4,189,low,0.43,1,1,2,management,1,25,7,22
4,188,low,0.43,0,1,2,hr,0,15,7,22
4,223,medium,0.43,0,0,1,technical,0,20,7,22
4,187,medium,0.43,0,1,1,sales,0,16,7,22
4,215,medium,0.43,0,1,1,marketing,0,12,7,22
4,228,medium,0.43,0,1,2,management,0,25,7,22
4,170,medium,0.43,1,1,3,hr,0,15,7,22
4,227,medium,0.43,0,1,1,support,0,18,9,20
4,218,medium,0.43,0,1,1,technical,0,20,7,20
4,170,medium,0.43,0,0,3,support,0,18,7,20
4,224,low,0.43,1,1,1,hr,0,15,9,20
4,161,medium,0.43,0,0,2,management,0,25,7,20
4,214,medium,0.43,0,1,1,hr,0,15,7,20
4,171,low,0.43,0,1,3,support,0,18,7,20
4,179,medium,0.43,1,0,2,support,0,18,7,20
4,224,medium,0.43,0,1,2,support,0,18,7,20
4,224,medium,0.43,1,1,2,hr,0,15,9,20
4,227,medium,0.43,1,1,1,technical,0,20,7,20
4,176,low,0.43,0,1,2,management,0,25,9,20
5,206,medium,0.43,1,1,1,marketing,0,12,8,27
5,199,medium,0.43,1,1,2,management,0,25,7,27
5,190,medium,0.43,1,0,2,technical,0,20,8,27
5,190,medium,0.43,1,0,2,sales,0,16,7,27
5,198,medium,0.43,1,1,1,support,0,18,7,27
5,210,medium,0.43,1,1,1,sales,0,16,7,27
5,201,medium,0.43,1,1,1,sales,0,16,7,27
5,210,medium,0.43,1,1,1,sales,0,16,8,27
5,195,medium,0.43,1,1,2,technical,1,20,7,27
5,196,medium,0.43,1,1,1,management,0,25,7,27
5,193,medium,0.43,1,0,1,hr,0,15,7,27
5,200,medium,0.43,1,0,1,support,0,18,8,27
5,190,medium,0.43,1,1,1,support,0,18,9,27
5,204,medium,0.43,1,1,1,support,0,18,9,27
5,202,medium,0.43,1,0,2,marketing,0,12,7,27
3,170,medium,0.42,0,0,4,technical,0,20,7,22
3,153,medium,0.42,0,0,4,hr,0,15,7,22
3,162,medium,0.42,0,0,2,technical,0,20,8,22
3,163,low,0.42,0,0,4,sales,0,16,7,22
3,160,low,0.42,0,0,2,technical,0,20,7,22
4,220,low,0.42,1,0,2,sales,0,16,8,22
4,182,low,0.42,0,0,2,hr,0,15,7,22
4,215,medium,0.42,0,0,2,technical,0,20,7,22
4,187,medium,0.42,1,0,3,marketing,0,12,7,22
4,229,medium,0.42,0,1,1,management,0,25,7,22
4,220,low,0.42,0,0,1,management,0,25,9,22
4,213,medium,0.42,1,1,1,marketing,0,12,7,22
4,173,medium,0.42,1,0,2,management,0,25,7,22
4,225,low,0.42,0,1,1,technical,0,20,9,22
4,183,medium,0.42,0,1,1,management,0,25,7,22
4,218,low,0.42,1,1,2,technical,0,20,7,22
4,174,low,0.42,0,1,2,management,1,25,7,22
4,211,low,0.42,1,1,1,sales,0,16,7,22
4,188,low,0.42,0,1,2,marketing,0,12,7,22
4,150,medium,0.42,0,0,2,marketing,1,12,7,22
4,182,medium,0.42,1,0,2,sales,0,16,7,22
4,160,medium,0.42,0,0,3,marketing,0,12,8,22
4,183,medium,0.42,0,1,1,technical,0,20,7,22
4,224,low,0.42,0,0,2,hr,0,15,7,22
4,181,medium,0.42,1,1,2,marketing,0,12,7,22
5,210,medium,0.42,1,0,1,support,0,18,7,27
5,199,medium,0.42,1,1,1,hr,0,15,7,27
5,201,medium,0.42,1,0,2,marketing,0,12,7,27
5,191,medium,0.42,1,1,2,sales,0,16,7,27
5,202,medium,0.42,1,1,2,support,0,18,7,27
5,208,medium,0.42,1,1,1,technical,0,20,7,27
5,207,medium,0.42,1,0,1,technical,0,20,8,27
5,208,medium,0.42,1,0,1,hr,1,15,7,27
6,226,low,0.42,1,1,2,marketing,0,12,7,30
6,223,medium,0.42,1,1,1,management,0,25,7,31
6,216,medium,0.42,1,0,1,technical,0,20,8,31
6,216,medium,0.42,1,1,2,marketing,0,12,7,31
6,213,medium,0.42,1,1,1,marketing,0,12,7,31
6,227,low,0.42,1,0,1,sales,0,16,7,30
3,170,low,0.41,0,0,2,marketing,0,12,8,23
3,168,low,0.41,0,0,2,hr,0,15,9,23
3,155,low,0.41,0,0,4,technical,1,20,9,22
3,152,low,0.41,0,0,4,sales,0,16,7,22
3,152,low,0.41,0,0,3,support,0,18,7,22
3,155,low,0.41,0,0,4,support,0,18,9,22
3,150,medium,0.41,0,0,2,technical,0,20,7,22
3,160,low,0.41,0,0,3,sales,0,16,9,22
3,153,medium,0.41,0,0,2,marketing,0,12,8,22
3,170,medium,0.41,0,0,3,support,0,18,9,22
4,222,medium,0.41,0,1,1,marketing,0,12,7,23
4,224,medium,0.41,0,0,2,marketing,0,12,8,23
4,227,medium,0.41,0,1,2,sales,0,16,7,23
4,230,medium,0.41,0,1,1,management,0,25,7,23
4,174,low,0.41,0,1,3,marketing,0,12,7,23
4,188,low,0.41,1,1,3,technical,0,20,9,23
4,210,medium,0.41,1,0,2,support,0,18,7,23
4,217,medium,0.41,0,1,1,support,0,18,7,22
4,177,medium,0.41,0,1,2,marketing,0,12,8,22
4,173,low,0.41,1,1,2,marketing,0,12,7,22
4,154,medium,0.41,0,0,2,hr,0,15,7,22
4,165,medium,0.41,0,0,3,marketing,0,12,7,22
4,161,medium,0.41,0,0,2,technical,0,20,7,22
4,172,low,0.41,1,1,2,sales,1,16,7,22
5,203,medium,0.41,1,1,1,marketing,0,12,7,27
5,209,medium,0.41,1,1,1,marketing,0,12,7,27
5,202,medium,0.41,1,1,1,hr,0,15,7,27
5,194,medium,0.41,1,1,1,sales,0,16,8,27
5,200,medium,0.41,1,0,1,technical,0,20,7,27
5,199,medium,0.41,1,0,2,technical,0,20,7,27
5,197,medium,0.41,1,0,2,support,1,18,7,27
5,198,medium,0.41,1,1,1,management,0,25,7,27
5,195,medium,0.41,1,1,2,hr,0,15,8,27
5,205,medium,0.41,1,1,2,marketing,0,12,7,27
5,207,medium,0.41,1,0,1,marketing,0,12,8,27
5,190,medium,0.41,1,0,1,sales,0,16,8,27
5,200,medium,0.41,1,1,2,marketing,0,12,7,27
5,198,medium,0.41,1,1,1,technical,0,20,7,27
5,205,medium,0.41,1,1,1,management,0,25,7,27
5,202,medium,0.41,1,1,1,support,0,18,7,27
5,205,medium,0.41,1,0,1,support,0,18,7,27
5,195,medium,0.41,1,0,2,hr,0,15,7,27
5,150,medium,0.41,1,0,3,support,0,18,7,27
5,164,medium,0.41,1,0,3,sales,0,16,7,27
5,210,medium,0.41,1,1,2,marketing,0,12,7,27
6,217,low,0.41,1,1,2,marketing,0,12,7,31
6,225,low,0.41,1,1,1,hr,0,15,7,31
6,221,medium,0.41,1,0,1,management,0,25,7,31
6,221,medium,0.41,1,1,2,management,0,25,7,30
3,151,medium,0.4,0,0,3,support,0,18,7,23
3,151,low,0.4,0,0,3,hr,0,15,7,23
3,157,low,0.4,0,0,4,technical,0,20,7,23
3,159,low,0.4,0,0,3,sales,0,16,7,23
3,156,medium,0.4,0,0,4,technical,0,20,9,23
3,153,low,0.4,0,0,3,marketing,0,12,7,23
4,175,medium,0.4,0,1,3,hr,0,15,7,23
4,227,low,0.4,1,1,1,hr,0,15,7,23
4,219,low,0.4,0,1,2,hr,0,15,7,23
4,229,medium,0.4,1,0,2,hr,0,15,7,23
4,189,medium,0.4,0,1,1,support,0,18,7,23
4,210,low,0.4,1,1,1,hr,0,15,7,23
4,224,medium,0.4,0,1,1,management,0,25,8,23
4,217,medium,0.4,1,1,1,marketing,0,12,7,23
4,173,medium,0.4,0,1,1,support,1,18,7,23
4,223,medium,0.4,1,1,1,marketing,0,12,7,23
4,224,medium,0.4,0,1,2,marketing,0,12,9,23
4,182,medium,0.4,0,1,3,marketing,0,12,7,23
4,218,medium,0.4,0,1,1,hr,0,15,9,23
4,172,low,0.4,1,1,3,sales,0,16,7,23
4,174,low,0.4,0,1,1,technical,0,20,9,23
4,175,medium,0.4,0,1,3,technical,0,20,7,23
4,172,low,0.4,0,0,3,sales,0,16,7,23
4,188,low,0.4,1,1,2,technical,0,20,7,23
4,212,medium,0.4,1,1,1,marketing,1,12,7,23
4,189,low,0.4,1,1,1,sales,0,16,8,23
4,219,medium,0.4,0,0,1,marketing,0,12,7,23
4,177,low,0.4,1,1,1,hr,0,15,7,23
5,202,medium,0.4,0,0,1,technical,0,20,7,29
5,195,low,0.4,0,0,1,marketing,0,12,9,29
5,206,low,0.4,0,1,1,hr,0,15,9,29
5,197,medium,0.4,0,1,1,support,0,18,9,29
5,191,medium,0.4,1,1,1,sales,0,16,7,29
5,198,medium,0.4,1,0,1,marketing,0,12,7,29
5,204,medium,0.4,1,0,1,hr,0,15,7,29
5,192,medium,0.4,1,1,2,hr,0,15,7,29
5,192,medium,0.4,1,0,1,technical,0,20,7,29
5,205,medium,0.4,1,1,1,sales,0,16,7,29
5,193,medium,0.4,1,1,1,marketing,0,12,7,29
5,199,medium,0.4,1,1,2,support,0,18,9,27
4,242,low,0.39,0,1,3,management,0,25,7,22
4,182,medium,0.39,0,1,1,marketing,0,12,8,22
4,173,low,0.39,0,1,2,technical,0,20,7,22
4,170,low,0.39,1,0,3,management,0,25,7,22
4,186,low,0.39,0,1,1,hr,0,15,7,22
4,185,medium,0.39,1,1,1,management,0,25,7,22
4,187,low,0.39,0,0,3,technical,0,20,7,22
4,182,medium,0.39,1,1,2,management,0,25,7,22
4,182,medium,0.39,0,0,1,marketing,0,12,7,22
4,188,low,0.39,0,1,2,technical,0,20,7,22
4,187,medium,0.39,1,1,2,technical,0,20,7,22
4,170,low,0.39,1,1,3,marketing,0,12,9,22
4,173,low,0.39,0,1,2,support,0,18,7,22
5,209,low,0.39,1,1,1,marketing,0,12,7,29
5,207,medium,0.39,1,1,1,marketing,0,12,8,29
5,242,low,0.39,0,0,2,technical,0,20,7,29
5,190,medium,0.39,0,1,1,management,0,25,7,29
5,200,medium,0.39,1,0,2,management,0,25,7,29
5,206,medium,0.39,0,1,1,technical,0,20,7,29
5,208,medium,0.39,0,1,1,support,0,18,9,29
5,201,medium,0.39,0,1,1,hr,0,15,9,29
5,193,low,0.39,1,1,1,sales,0,16,7,29
5,198,medium,0.39,1,1,1,support,0,18,7,29
5,199,medium,0.39,0,1,1,support,0,18,7,29
5,204,medium,0.39,0,1,1,sales,0,16,8,29
5,190,low,0.39,0,0,1,marketing,0,12,9,29
5,203,low,0.39,1,1,1,sales,0,16,7,29
5,208,medium,0.39,1,1,2,management,0,25,7,29
6,213,low,0.39,1,1,1,technical,0,20,7,30
6,217,medium,0.39,1,0,1,management,0,25,7,30
6,214,medium,0.39,1,1,1,hr,0,15,7,30
6,200,medium,0.39,1,1,1,management,0,25,7,30
6,220,low,0.39,1,1,1,technical,0,20,8,30
6,214,medium,0.39,1,1,1,marketing,0,12,7,30
6,216,medium,0.39,1,1,2,support,0,18,7,30
6,222,medium,0.39,1,1,1,hr,0,15,7,30
6,225,medium,0.39,1,1,1,sales,0,16,7,30
6,212,low,0.39,1,1,1,support,0,18,7,30
6,217,medium,0.39,1,1,1,sales,0,16,8,29
4,200,medium,0.38,1,0,3,sales,0,16,7,22
4,183,medium,0.38,0,0,2,marketing,0,12,7,22
4,172,medium,0.38,1,1,2,management,0,25,7,22
4,242,medium,0.38,0,0,2,management,0,25,9,22
4,189,low,0.38,0,1,2,technical,0,20,7,22
4,188,low,0.38,0,0,2,hr,0,15,7,22
4,189,medium,0.38,1,0,1,management,0,25,7,22
4,185,medium,0.38,1,1,1,hr,0,15,7,22
4,220,low,0.38,0,1,2,sales,0,16,7,22
4,179,medium,0.38,0,1,1,sales,0,16,7,22
4,181,low,0.38,0,0,2,hr,0,15,8,22
4,188,medium,0.38,1,1,1,marketing,0,12,9,22
4,190,low,0.38,0,0,2,hr,0,15,7,22
4,177,medium,0.38,0,1,1,sales,0,16,8,22
4,174,low,0.38,0,1,1,management,0,25,7,22
5,191,medium,0.38,1,0,1,hr,0,15,7,29
5,206,medium,0.38,0,1,1,management,0,25,7,29
5,210,medium,0.38,0,1,1,support,0,18,7,29
5,205,medium,0.38,1,1,1,sales,0,16,9,29
5,200,medium,0.38,1,1,2,hr,0,15,7,29
5,204,low,0.38,0,1,2,technical,0,20,8,29
5,198,medium,0.38,1,1,1,hr,0,15,7,29
5,195,low,0.38,1,1,1,hr,0,15,7,29
5,202,low,0.38,0,0,2,hr,0,15,7,29
5,194,medium,0.38,0,1,2,technical,1,20,7,29
5,207,medium,0.38,0,1,1,sales,0,16,7,29
5,207,low,0.38,0,0,1,support,0,18,7,29
6,222,low,0.38,1,0,1,technical,0,20,7,29
6,229,low,0.38,1,1,1,technical,0,20,7,29
6,217,low,0.38,1,1,2,technical,0,20,7,29
6,224,low,0.38,1,1,2,marketing,0,12,7,30
6,219,medium,0.38,1,1,1,support,0,18,7,29
4,185,medium,0.37,1,0,1,support,0,18,7,23
4,184,medium,0.37,1,0,3,support,1,18,8,23
4,177,medium,0.37,0,1,3,technical,0,20,7,22
4,183,medium,0.37,1,1,3,sales,0,16,7,22
4,171,medium,0.37,0,1,2,support,0,18,8,22
4,186,low,0.37,0,1,3,sales,0,16,8,22
4,200,low,0.37,0,1,2,support,0,18,8,22
4,171,medium,0.37,1,0,3,support,0,18,7,22
4,171,medium,0.37,0,1,3,marketing,0,12,7,22
4,190,medium,0.37,1,1,1,management,0,25,9,22
4,176,low,0.37,0,1,3,hr,0,15,8,22
5,226,medium,0.37,1,1,1,hr,0,15,7,29
5,209,low,0.37,0,0,1,technical,0,20,7,29
5,194,medium,0.37,0,1,2,hr,0,15,7,29
5,207,medium,0.37,1,1,1,hr,0,15,7,29
5,204,low,0.37,0,1,2,technical,0,20,7,29
5,194,medium,0.37,1,0,1,technical,0,20,7,29
5,190,medium,0.37,1,1,1,management,0,25,7,29
5,198,low,0.37,0,0,1,technical,0,20,7,29
5,208,low,0.37,0,1,1,management,0,25,7,29
5,201,medium,0.37,0,1,1,marketing,0,12,7,29
5,202,medium,0.37,0,1,1,management,0,25,7,29
6,220,medium,0.37,0,1,1,management,0,25,9,29
6,226,medium,0.37,0,1,1,technical,1,20,9,29
6,221,medium,0.37,0,0,1,sales,0,16,7,28
6,219,medium,0.37,1,1,2,technical,0,20,7,28
6,229,medium,0.37,0,1,1,hr,0,15,8,34
6,229,medium,0.37,1,1,1,technical,0,20,7,30
6,229,low,0.37,1,1,1,technical,0,20,7,30
6,213,low,0.37,1,0,1,technical,0,20,7,28
6,216,medium,0.37,1,1,1,hr,0,15,9,28
6,218,medium,0.37,1,1,1,marketing,0,12,7,28
6,216,medium,0.37,1,1,1,sales,1,16,7,28
6,212,medium,0.37,1,1,2,support,0,18,7,28
6,226,medium,0.37,1,1,2,technical,0,20,7,28
6,212,medium,0.37,1,1,1,technical,0,20,7,28
6,222,medium,0.37,1,1,1,technical,0,20,7,28
6,212,medium,0.37,1,1,1,marketing,0,12,8,28
6,230,medium,0.37,1,1,1,management,0,25,7,30
4,184,low,0.36,0,0,1,marketing,0,12,7,23
4,229,medium,0.36,1,1,2,support,0,18,7,23
4,229,medium,0.36,0,0,1,hr,0,15,7,23
4,183,medium,0.36,1,1,2,hr,0,15,7,23
4,190,medium,0.36,0,1,2,hr,0,15,9,23
4,185,medium,0.36,1,0,3,marketing,0,12,7,23
5,206,low,0.36,1,0,1,technical,0,20,7,29
5,205,low,0.36,0,1,1,management,0,25,7,29
5,192,medium,0.36,0,1,1,management,0,25,7,29
5,209,medium,0.36,0,1,2,support,0,18,9,29
5,204,medium,0.36,0,0,2,hr,0,15,7,29
5,210,low,0.36,0,1,2,sales,0,16,7,29
5,190,medium,0.36,0,1,1,support,0,18,9,29
5,205,medium,0.36,1,0,1,hr,0,15,7,29
5,208,low,0.36,1,1,1,technical,0,20,7,29
5,202,low,0.36,0,0,2,hr,0,15,7,29
5,193,medium,0.36,1,1,1,technical,0,20,7,29
5,205,low,0.36,1,0,2,hr,1,15,8,29
6,210,low,0.36,0,1,2,sales,0,16,7,28
6,228,low,0.36,0,1,1,marketing,0,12,7,28
6,211,medium,0.36,0,0,1,support,0,18,7,28
6,230,medium,0.36,0,0,1,technical,0,20,7,30
6,212,low,0.36,0,1,1,technical,0,20,7,27
6,216,medium,0.36,0,1,1,technical,0,20,7,27
6,212,medium,0.36,0,1,1,technical,0,20,7,27
6,215,medium,0.36,0,1,1,support,0,18,7,27
4,176,medium,0.35,0,1,2,hr,0,15,7,23
4,190,medium,0.35,0,1,2,management,0,25,7,23
4,185,medium,0.35,0,0,3,sales,0,16,9,23
4,187,medium,0.35,1,0,1,technical,0,20,7,23
4,171,medium,0.35,0,1,2,marketing,0,12,7,23
4,226,medium,0.35,0,1,1,hr,1,15,7,23
4,183,low,0.35,1,1,3,technical,1,20,8,23
4,172,low,0.35,0,1,3,marketing,0,12,7,23
4,186,medium,0.35,0,1,1,sales,0,16,7,23
4,189,low,0.35,0,0,3,support,0,18,7,23
4,188,medium,0.35,1,1,2,support,0,18,7,23
4,200,medium,0.35,1,0,1,technical,0,20,7,23
4,186,medium,0.35,0,1,1,management,0,25,8,23
4,185,medium,0.35,0,1,1,support,0,18,9,23
4,177,medium,0.35,1,1,2,hr,0,15,9,23
4,183,medium,0.35,0,1,1,marketing,0,12,7,23
4,175,medium,0.35,0,1,3,technical,1,20,7,23
4,173,medium,0.35,1,1,1,sales,0,16,7,23
4,178,low,0.35,1,1,3,technical,0,20,7,23
4,177,low,0.35,0,1,3,management,0,25,8,23
5,226,medium,0.35,0,0,1,support,0,18,7,27
5,197,medium,0.35,0,1,1,hr,1,15,7,27
5,210,medium,0.35,0,1,1,marketing,0,12,8,27
5,229,low,0.35,0,0,2,marketing,1,12,8,27
5,207,medium,0.35,0,1,2,marketing,0,12,7,27
5,194,medium,0.35,0,0,1,hr,0,15,7,27
5,199,medium,0.35,0,1,2,management,0,25,8,27
6,229,medium,0.35,0,0,1,sales,0,16,7,30
6,226,medium,0.35,0,1,2,sales,0,16,7,27
6,229,low,0.35,1,0,1,support,0,18,8,34
6,213,low,0.35,0,1,1,sales,1,16,7,27
6,224,low,0.35,0,1,1,hr,0,15,7,27
6,229,low,0.35,0,0,1,technical,1,20,9,34
6,221,medium,0.35,1,1,1,support,0,18,7,27
6,227,medium,0.35,1,1,2,sales,0,16,7,27
6,214,medium,0.35,0,1,1,technical,0,20,7,27
6,222,low,0.35,1,1,1,marketing,0,12,9,27
6,230,medium,0.35,0,1,2,hr,0,15,7,27
6,228,low,0.35,0,1,1,technical,0,20,7,27
6,210,medium,0.35,0,1,2,hr,0,15,8,27
6,211,medium,0.35,0,1,1,technical,0,20,7,27
4,229,medium,0.34,0,1,3,support,0,18,7,24
4,183,medium,0.34,1,0,2,technical,0,20,7,24
4,174,medium,0.34,1,1,1,marketing,0,12,7,24
4,172,low,0.34,0,0,1,sales,0,16,7,24
4,188,medium,0.34,1,1,2,sales,0,16,7,24
4,182,low,0.34,1,1,3,technical,0,20,7,24
4,184,medium,0.34,1,0,3,support,0,18,7,24
4,183,medium,0.34,1,1,3,support,0,18,7,23
4,187,low,0.34,0,1,3,hr,0,15,7,23
4,174,medium,0.34,1,1,3,hr,0,15,7,23
5,191,medium,0.34,0,1,2,management,0,25,7,27
5,201,medium,0.34,0,0,1,technical,0,20,7,27
5,199,low,0.34,0,0,1,marketing,0,12,7,27
5,200,medium,0.34,1,1,1,marketing,0,12,7,27
5,192,medium,0.34,0,0,2,technical,0,20,7,27
5,197,medium,0.34,0,1,1,technical,1,20,9,27
5,208,medium,0.34,0,0,1,support,0,18,9,27
5,198,low,0.34,0,1,2,management,0,25,7,27
5,206,low,0.34,1,1,2,sales,0,16,7,27
5,192,low,0.34,1,1,1,hr,0,15,7,27
6,228,low,0.34,0,1,1,sales,0,16,7,27
6,210,medium,0.34,1,1,1,support,0,18,7,27
6,211,low,0.34,0,1,1,hr,1,15,7,27
6,227,medium,0.34,0,0,1,management,0,25,7,27
6,226,low,0.34,0,1,1,sales,0,16,9,27
6,242,medium,0.34,0,0,1,management,0,25,7,27
6,227,medium,0.34,0,0,1,hr,0,15,7,23
6,219,low,0.34,0,0,1,marketing,0,12,7,23
6,230,medium,0.34,0,1,2,hr,0,15,7,23
6,225,medium,0.34,0,0,1,hr,0,15,7,23
6,220,low,0.34,1,0,1,hr,0,15,7,23
6,226,low,0.34,0,1,1,hr,0,15,7,23
4,179,medium,0.33,1,1,3,sales,1,16,7,24
4,188,low,0.33,0,1,2,hr,1,15,7,24
4,173,low,0.33,1,1,2,hr,0,15,7,24
4,174,medium,0.33,1,1,1,hr,0,15,8,24
4,177,medium,0.33,0,1,2,sales,0,16,9,24
4,186,medium,0.33,0,1,2,support,0,18,7,24
4,190,low,0.33,0,0,3,management,0,25,7,24
5,199,medium,0.33,0,1,2,hr,0,15,7,27
5,198,medium,0.33,1,1,2,support,0,18,7,27
5,195,medium,0.33,1,1,1,management,0,25,8,27
5,192,medium,0.33,0,1,1,management,0,25,7,27
5,203,low,0.33,0,1,2,support,0,18,7,27
5,193,medium,0.33,0,1,1,technical,0,20,7,27
5,204,medium,0.33,0,0,2,management,0,25,7,27
5,190,medium,0.33,1,1,1,support,0,18,8,27
5,203,medium,0.33,0,0,1,support,0,18,7,27
5,208,medium,0.33,0,1,1,sales,0,16,7,27
5,208,low,0.33,0,1,2,marketing,0,12,8,27
6,212,low,0.33,0,1,1,support,0,18,7,23
6,225,low,0.33,0,0,1,support,0,18,7,23
6,226,medium,0.33,1,0,1,hr,0,15,9,34
6,228,low,0.33,0,1,1,sales,0,16,7,23
6,215,medium,0.33,1,1,1,sales,0,16,7,23
6,219,medium,0.33,0,1,1,technical,0,20,7,23
6,227,medium,0.33,1,1,1,sales,0,16,7,23
6,228,low,0.33,0,1,1,hr,0,15,7,23
6,212,low,0.33,0,1,1,sales,0,16,7,23
4,200,medium,0.32,1,1,2,management,1,25,9,25
4,171,low,0.32,1,0,2,technical,0,20,7,25
4,170,medium,0.32,0,1,3,sales,0,16,7,25
4,189,medium,0.32,0,0,3,technical,0,20,7,25
4,229,medium,0.32,0,0,1,management,0,25,9,25
4,229,medium,0.32,0,1,2,marketing,0,12,9,25
4,182,medium,0.32,1,1,1,management,0,25,8,25
4,200,low,0.32,0,1,3,marketing,0,12,9,25
4,172,medium,0.32,0,0,2,support,0,18,7,25
4,186,medium,0.32,0,1,3,technical,0,20,7,25
4,180,low,0.32,0,1,1,technical,0,20,7,25
4,173,low,0.32,1,0,1,technical,0,20,7,24
5,202,low,0.32,0,1,2,technical,0,20,8,27
5,202,low,0.32,0,0,1,marketing,0,12,7,27
5,226,low,0.32,0,1,1,support,0,18,7,27
5,197,low,0.32,0,1,1,marketing,0,12,7,27
5,210,low,0.32,1,1,2,management,0,25,7,27
5,200,low,0.32,0,1,1,technical,0,20,7,27
5,190,low,0.32,1,0,1,technical,0,20,7,27
5,197,low,0.32,0,1,1,sales,0,16,7,27
5,206,medium,0.32,1,1,1,technical,0,20,7,27
6,242,medium,0.32,0,0,1,management,0,25,7,23
6,228,low,0.32,0,1,1,support,0,18,9,23
6,229,medium,0.32,1,1,1,marketing,0,12,7,23
6,220,low,0.32,1,1,1,support,0,18,7,23
6,221,medium,0.32,0,0,1,sales,0,16,7,23
6,225,medium,0.32,1,1,2,sales,0,16,9,23
6,226,low,0.32,0,1,2,sales,0,16,7,23
6,220,low,0.32,0,1,1,sales,0,16,8,23
6,214,medium,0.32,0,1,1,sales,0,16,7,23
6,217,low,0.32,0,1,1,hr,0,15,8,23
4,180,medium,0.31,1,1,1,sales,0,16,7,25
4,242,medium,0.31,0,1,3,management,0,25,9,25
4,177,medium,0.31,0,0,1,management,0,25,7,25
4,190,medium,0.31,0,0,1,marketing,1,12,7,25
4,178,medium,0.31,0,0,2,sales,0,16,7,25
4,182,medium,0.31,0,0,3,management,0,25,7,25
4,189,low,0.31,1,1,1,marketing,0,12,7,25
5,196,low,0.31,0,1,2,management,0,25,7,27
5,226,low,0.31,0,1,1,support,0,18,7,27
5,207,low,0.31,1,1,1,support,0,18,7,27
5,209,low,0.31,0,0,1,management,0,25,8,27
5,193,low,0.31,0,1,2,technical,0,20,8,27
5,229,low,0.31,0,1,2,hr,1,15,7,27
5,200,low,0.31,0,1,1,technical,0,20,7,27
5,200,low,0.31,0,1,1,management,0,25,7,27
5,193,low,0.31,0,0,2,technical,0,20,7,27
5,209,low,0.31,0,1,1,management,0,25,9,27
5,198,low,0.31,0,1,2,support,0,18,7,27
5,195,low,0.31,0,1,1,technical,0,20,8,27
5,193,low,0.31,1,0,2,sales,0,16,7,27
5,200,low,0.31,0,1,2,marketing,0,12,7,27
5,196,low,0.31,1,0,1,management,0,25,7,27
6,222,medium,0.31,1,1,1,support,0,18,7,23
6,219,medium,0.31,0,1,1,support,0,18,7,23
6,200,medium,0.31,0,1,1,management,0,25,7,23
6,210,medium,0.31,0,1,1,management,0,25,7,23
6,228,low,0.31,0,1,1,hr,0,15,7,23
6,211,medium,0.31,0,1,2,technical,0,20,7,23
6,211,medium,0.31,1,0,1,management,0,25,7,23
4,186,low,0.3,1,1,2,support,0,18,7,25
4,184,low,0.3,0,1,2,hr,0,15,8,25
4,186,medium,0.3,0,1,1,sales,1,16,7,25
5,226,low,0.3,0,1,1,sales,0,16,7,27
5,197,low,0.3,0,1,1,support,0,18,8,27
5,201,low,0.3,0,1,1,sales,0,16,7,27
5,209,low,0.3,0,1,1,management,0,25,9,27
5,202,low,0.3,0,0,2,hr,0,15,7,27
5,200,low,0.3,1,1,1,hr,0,15,8,27
5,210,low,0.3,0,0,1,hr,0,15,9,27
5,203,low,0.3,0,0,1,hr,0,15,7,27
5,199,low,0.3,0,0,2,management,0,25,9,27
5,204,low,0.3,0,0,1,hr,0,15,7,27
6,223,low,0.3,1,1,1,marketing,0,12,7,23
6,226,low,0.3,1,1,2,support,0,18,7,23
6,211,low,0.3,1,1,1,sales,1,16,7,23
6,229,low,0.3,1,1,1,marketing,0,12,7,23
6,211,low,0.3,1,1,2,technical,0,20,7,23
6,225,low,0.3,1,0,1,support,1,18,8,34
6,224,low,0.3,1,0,1,support,0,18,7,23
6,223,medium,0.3,0,1,1,hr,0,15,7,23
6,221,low,0.3,0,0,2,hr,0,15,7,23
6,229,medium,0.3,0,1,1,hr,0,15,7,23
6,214,low,0.3,0,1,1,sales,0,16,7,23
5,205,low,0.29,1,1,2,marketing,0,12,27,27
5,198,low,0.29,0,1,1,technical,0,20,27,27
5,192,low,0.29,0,1,1,marketing,0,12,21,37
5,208,low,0.29,0,1,1,hr,0,15,27,27
5,204,low,0.29,0,1,1,sales,0,16,27,27
5,203,low,0.29,0,1,1,hr,0,15,26,27
5,197,low,0.29,0,1,2,support,0,18,22,27
5,193,low,0.29,0,1,1,management,0,25,29,27
5,210,low,0.29,0,1,2,hr,0,15,25,27
6,216,low,0.29,1,1,1,sales,0,16,28,23
6,214,medium,0.29,1,1,2,support,1,18,22,34
6,211,medium,0.29,1,1,1,management,0,25,29,34
6,213,medium,0.29,1,1,1,technical,0,20,22,34
6,217,low,0.29,1,1,1,marketing,0,12,29,34
6,218,medium,0.29,1,1,1,technical,0,20,20,23
6,214,low,0.29,1,0,1,support,0,18,24,34
6,211,low,0.29,1,1,2,marketing,0,12,26,34
5,198,low,0.28,0,1,1,management,0,25,23,28
5,203,low,0.28,0,1,2,sales,0,16,20,37
5,191,low,0.28,1,1,1,support,0,18,21,27
5,191,low,0.28,0,1,2,sales,0,16,23,27
5,190,low,0.28,1,0,1,hr,0,15,25,27
5,206,low,0.28,1,1,2,technical,0,20,21,37
5,207,low,0.28,0,0,2,management,0,25,28,27
5,196,low,0.28,1,0,1,marketing,0,12,20,27
5,205,low,0.28,0,1,1,support,0,18,21,27
5,195,low,0.28,1,1,1,technical,0,20,21,27
5,197,low,0.28,0,1,2,sales,0,16,29,27
5,198,low,0.28,1,1,1,support,0,18,29,27
6,214,low,0.28,1,1,1,sales,0,16,29,26
6,224,low,0.28,1,0,1,sales,0,16,21,26
6,219,low,0.28,1,1,2,marketing,0,12,20,26
6,218,medium,0.28,1,1,2,management,0,25,21,26
6,218,medium,0.28,1,1,2,support,0,18,21,26
6,218,low,0.28,1,1,1,support,0,18,26,26
6,215,medium,0.28,1,1,1,technical,1,20,21,26
6,229,low,0.28,1,1,1,marketing,0,12,27,26
6,211,low,0.28,1,1,1,sales,0,16,26,34
6,218,low,0.28,1,1,1,support,0,18,27,34
6,228,medium,0.28,1,0,1,technical,0,20,29,26
6,222,low,0.28,1,1,2,marketing,0,12,29,26
6,212,low,0.28,1,1,1,sales,0,16,20,34
6,220,medium,0.28,1,1,2,hr,0,15,24,34
6,215,low,0.28,1,1,1,hr,0,15,21,34
6,214,low,0.28,1,1,1,technical,1,20,21,34
6,222,medium,0.28,1,1,1,sales,0,16,26,26
6,219,medium,0.28,1,0,1,management,0,25,20,26
5,208,low,0.27,1,1,2,technical,1,20,20,28
5,194,low,0.27,0,1,1,support,0,18,25,28
5,207,low,0.27,1,0,1,management,0,25,26,28
5,201,low,0.27,0,1,1,support,0,18,24,28
5,208,low,0.27,0,1,1,support,0,18,26,37
5,196,low,0.27,0,1,2,marketing,0,12,21,28
5,197,low,0.27,1,1,2,hr,0,15,29,37
5,192,low,0.27,0,1,1,management,0,25,21,37
5,190,low,0.27,1,0,1,support,0,18,28,37
5,206,low,0.27,0,1,2,support,0,18,22,28
5,195,low,0.27,1,1,1,technical,0,20,22,37
6,227,low,0.27,1,1,1,marketing,0,12,28,26
6,217,medium,0.27,1,0,1,sales,0,16,24,26
6,219,low,0.27,1,1,1,hr,0,15,21,26
6,219,medium,0.27,1,1,2,management,0,25,29,26
6,215,low,0.27,1,0,1,support,0,18,25,34
6,211,low,0.27,1,1,1,hr,0,15,27,34
6,222,medium,0.27,1,0,2,marketing,0,12,24,26
6,230,low,0.27,1,1,2,hr,0,15,24,26
5,193,low,0.26,0,1,1,sales,0,16,26,28
5,206,low,0.26,1,1,1,marketing,0,12,21,28
5,210,low,0.26,1,1,2,sales,0,16,25,28
5,201,low,0.26,0,1,1,hr,0,15,26,37
5,206,low,0.26,1,0,1,marketing,1,12,20,28
5,195,low,0.26,0,0,1,support,0,18,25,37
5,192,low,0.26,0,1,2,management,0,25,25,28
5,195,low,0.26,0,1,1,sales,0,16,21,37
6,215,low,0.26,1,0,1,technical,0,20,21,26
6,218,low,0.26,1,1,1,sales,0,16,20,26
6,228,medium,0.26,1,0,2,sales,0,16,26,26
6,210,low,0.26,1,1,2,technical,0,20,29,34
6,229,low,0.26,1,1,2,technical,0,20,20,26
6,229,medium,0.26,1,1,1,sales,0,16,25,26
6,217,low,0.26,1,0,1,sales,0,16,24,26
6,215,low,0.26,1,1,1,technical,0,20,21,34
6,221,medium,0.26,1,1,1,sales,0,16,24,26
6,228,low,0.26,1,1,2,management,0,25,20,34
5,198,low,0.25,1,1,1,sales,0,16,24,29
5,195,low,0.25,1,1,1,management,0,25,27,28
5,193,low,0.25,1,1,1,support,0,18,27,28
5,196,low,0.25,1,1,1,support,0,18,29,28
5,194,low,0.25,1,1,1,sales,0,16,25,28
5,190,low,0.25,1,0,1,management,0,25,20,28
5,209,low,0.25,1,1,1,support,0,18,23,37
5,191,low,0.25,1,1,1,hr,0,15,21,37
5,192,low,0.25,1,1,1,sales,0,16,21,28
5,207,low,0.25,1,0,1,sales,0,16,20,28
5,199,low,0.25,1,1,2,marketing,0,12,26,28
5,204,low,0.25,1,1,2,technical,0,20,23,28
5,208,low,0.25,1,1,1,management,0,25,24,37
5,196,low,0.25,1,0,1,sales,0,16,25,37
6,212,medium,0.25,1,1,2,support,0,18,21,34
6,222,low,0.25,1,1,1,sales,0,16,25,34
6,221,low,0.25,1,0,2,support,0,18,21,34
6,229,low,0.25,1,1,1,technical,0,20,26,34
6,214,medium,0.25,1,0,1,sales,0,16,20,34
6,211,low,0.25,1,0,1,hr,0,15,29,34
6,230,low,0.25,1,1,2,marketing,0,12,24,34
6,212,low,0.25,1,1,2,technical,0,20,29,34
6,228,low,0.25,1,1,1,hr,1,15,29,34
5,190,low,0.24,1,1,1,management,0,25,26,29
5,199,low,0.24,1,0,1,management,0,25,25,37
5,201,low,0.24,1,1,1,marketing,0,12,28,37
5,190,low,0.24,1,0,2,sales,0,16,20,29
5,205,low,0.24,1,0,2,sales,0,16,26,29
5,190,low,0.24,1,1,1,sales,0,16,23,37
5,203,low,0.24,1,1,1,sales,0,16,22,29
5,191,low,0.24,1,1,1,sales,0,16,29,37
5,208,low,0.24,1,1,1,hr,1,15,20,37
5,208,low,0.24,1,0,2,management,0,25,28,37
6,227,low,0.24,1,1,2,sales,0,16,21,34
6,220,low,0.24,1,1,1,support,0,18,20,34
6,226,medium,0.24,1,1,2,technical,0,20,29,34
6,220,low,0.24,1,1,1,management,0,25,28,34
6,223,low,0.24,1,1,1,marketing,0,12,29,36
6,217,low,0.24,1,1,1,sales,0,16,23,36
6,221,medium,0.24,1,1,1,management,0,25,20,36
5,205,low,0.23,1,1,1,management,0,25,23,37
5,193,low,0.23,1,0,2,marketing,0,12,21,29
5,196,low,0.23,1,1,2,management,0,25,21,29
5,197,low,0.23,1,0,1,support,0,18,26,37
5,209,low,0.23,1,1,1,management,0,25,25,29
5,201,low,0.23,1,0,2,support,0,18,20,29
5,203,low,0.23,1,1,1,hr,0,15,29,29
5,202,low,0.23,1,1,1,management,0,25,23,37
5,194,low,0.23,1,1,1,hr,0,15,25,37
5,204,low,0.23,1,0,2,support,0,18,26,37
6,222,low,0.23,1,1,2,support,0,18,22,36
6,226,low,0.23,1,1,1,technical,0,20,20,36
6,226,low,0.23,1,1,1,technical,0,20,29,36
6,218,low,0.23,1,1,1,marketing,0,12,20,34
6,217,low,0.23,1,0,2,management,0,25,27,34
6,226,low,0.23,1,0,1,hr,0,15,20,36
5,198,low,0.22,1,1,1,marketing,0,12,21,37
5,195,low,0.22,1,1,1,hr,1,15,29,29
5,207,low,0.22,1,0,2,support,1,18,21,29
5,202,low,0.22,1,1,1,hr,0,15,21,29
5,199,low,0.22,1,0,1,management,0,25,27,37
5,210,low,0.22,1,0,1,technical,0,20,24,29
5,190,low,0.22,1,0,1,hr,0,15,23,29
5,194,low,0.22,1,0,1,management,0,25,20,29
5,190,low,0.22,1,0,1,hr,0,15,27,37
5,199,low,0.22,1,1,1,support,1,18,20,29
5,192,low,0.22,1,1,1,support,0,18,26,37
5,191,low,0.22,1,1,1,support,0,18,29,29
5,199,low,0.22,1,0,2,management,0,25,26,29
5,194,low,0.22,1,1,2,technical,0,20,21,29
5,210,low,0.22,1,1,2,technical,0,20,20,37
5,197,low,0.22,1,0,2,sales,1,16,28,29
6,219,low,0.22,1,1,1,sales,0,16,22,34
6,226,medium,0.22,1,1,1,support,0,18,28,36
6,217,low,0.22,1,1,2,hr,0,15,26,34
6,212,low,0.22,1,0,1,sales,0,16,21,34
6,214,medium,0.22,1,1,1,hr,0,15,20,34
6,216,low,0.22,1,1,1,technical,0,20,26,36
6,228,low,0.22,1,1,2,technical,0,20,21,36
6,210,low,0.22,1,0,1,support,0,18,26,34
6,220,low,0.22,1,1,2,hr,0,15,25,34
6,230,low,0.22,1,0,2,support,1,18,23,36
6,218,low,0.22,1,0,1,hr,0,15,27,34
6,216,medium,0.22,1,1,2,sales,1,16,25,34
6,214,medium,0.22,1,1,1,support,0,18,23,34
6,226,low,0.22,1,1,1,marketing,0,12,29,36
6,229,medium,0.22,1,0,2,marketing,0,12,24,36
6,212,low,0.22,1,1,2,sales,0,16,28,34
6,219,low,0.22,1,1,1,sales,0,16,24,36
5,203,low,0.21,1,0,1,marketing,0,12,20,38
5,205,low,0.21,1,1,1,marketing,0,12,25,38
5,191,low,0.21,1,1,2,sales,0,16,23,38
5,205,low,0.21,1,0,1,sales,0,16,20,38
5,193,low,0.21,1,0,2,support,0,18,28,38
5,203,low,0.21,1,1,2,sales,0,16,28,38
5,196,low,0.21,1,1,1,technical,0,20,29,38
5,191,low,0.21,1,1,2,technical,0,20,21,38
5,207,low,0.21,1,1,2,management,0,25,28,38
5,190,low,0.21,1,1,1,hr,0,15,27,38
5,193,low,0.21,1,1,1,support,0,18,20,37
5,199,low,0.21,1,1,1,support,0,18,28,37
5,206,low,0.21,1,1,2,hr,0,15,23,37
5,206,low,0.21,1,1,1,management,0,25,28,29
6,227,low,0.21,0,1,2,hr,0,15,29,32
6,223,low,0.21,0,1,1,sales,0,16,20,32
6,227,medium,0.21,1,1,1,sales,0,16,28,32
6,218,medium,0.21,0,0,1,management,0,25,26,34
6,212,low,0.21,1,1,1,technical,0,20,26,34
6,212,medium,0.21,0,1,1,technical,0,20,20,34
6,217,medium,0.21,1,1,1,technical,0,20,24,34
6,227,low,0.21,0,1,1,marketing,0,12,20,32
6,230,low,0.21,1,1,2,technical,0,20,27,32
6,230,medium,0.21,1,0,1,support,0,18,26,32
6,215,low,0.21,1,1,1,technical,0,20,27,34
5,201,low,0.2,1,1,1,marketing,0,12,28,38
5,198,low,0.2,1,1,1,technical,0,20,20,38
5,204,low,0.2,1,1,2,hr,0,15,21,38
5,204,low,0.2,1,1,1,management,0,25,26,38
5,195,low,0.2,1,1,1,hr,0,15,26,38
5,207,low,0.2,1,0,1,hr,0,15,23,38
6,219,low,0.2,0,1,2,hr,0,15,25,32
6,227,low,0.2,0,1,1,hr,0,15,20,32
6,219,low,0.2,0,1,1,sales,0,16,27,32
6,220,low,0.2,0,1,2,technical,0,20,20,33
6,216,low,0.2,0,0,1,sales,0,16,29,33
6,214,low,0.2,0,1,1,support,0,18,20,38
6,224,low,0.2,1,0,1,sales,0,16,29,33
6,228,low,0.2,1,1,2,technical,0,20,27,33
6,225,low,0.2,0,1,2,technical,0,20,21,33
6,222,low,0.2,0,0,2,support,0,18,29,33
6,230,low,0.2,1,1,1,sales,0,16,29,33
6,218,low,0.2,0,0,1,support,0,18,29,33
6,225,low,0.2,0,1,2,hr,0,15,22,33
6,223,low,0.19,1,1,2,hr,1,15,26,33
6,221,low,0.19,0,1,1,hr,0,15,24,33
6,219,low,0.19,0,0,1,marketing,0,12,28,34
6,230,low,0.19,0,0,1,management,0,25,27,34
6,221,low,0.19,0,1,1,sales,0,16,28,34
6,210,low,0.19,0,0,1,support,0,18,23,38
6,227,low,0.19,1,1,2,sales,0,16,22,34
6,216,low,0.19,0,1,1,marketing,0,12,20,38
6,224,low,0.19,0,1,1,management,0,25,21,34
6,230,low,0.19,0,0,1,management,0,25,22,34
6,221,low,0.19,0,1,2,hr,0,15,20,34
6,222,low,0.19,0,0,1,marketing,0,12,24,34
6,221,low,0.19,1,1,2,support,0,18,24,34
6,223,low,0.19,0,1,1,technical,0,20,23,34
6,218,low,0.19,1,1,1,management,0,25,28,34
6,210,low,0.19,0,0,1,marketing,0,12,25,38
6,212,low,0.18,1,0,1,management,0,25,25,38
6,215,low,0.18,1,1,2,support,0,18,23,34
6,215,low,0.18,0,1,1,technical,0,20,29,34
6,219,low,0.18,0,1,1,marketing,0,12,23,34
6,216,low,0.18,0,1,1,sales,0,16,26,38
6,218,low,0.18,1,1,2,sales,0,16,20,38
6,221,low,0.18,1,1,1,hr,0,15,20,38
6,221,low,0.17,1,0,2,sales,0,16,21,38
6,213,low,0.17,1,1,1,support,0,18,28,38
6,228,low,0.17,1,1,1,support,0,18,29,38
6,217,low,0.17,1,1,2,technical,0,20,27,38
6,210,low,0.17,1,0,2,hr,1,15,22,38
6,229,low,0.17,1,1,2,hr,1,15,22,38
6,221,low,0.16,1,0,2,support,1,18,25,38
6,228,low,0.16,1,1,2,management,0,25,29,38
6,214,low,0.16,1,1,1,technical,0,20,21,38
6,223,low,0.16,1,0,1,marketing,0,12,25,38
6,222,low,0.16,1,1,1,support,1,18,22,38
6,213,low,0.15,1,1,1,sales,0,16,26,38
6,230,low,0.15,1,1,1,support,0,18,22,38
6,228,low,0.15,1,1,1,hr,0,15,22,38
6,219,low,0.15,1,1,2,hr,0,15,21,38
6,230,low,0.15,1,1,2,support,0,18,23,38
6,227,low,0.15,1,1,2,marketing,0,12,24,38
6,211,low,0.15,1,1,2,marketing,0,12,20,38
6,230,low,0.15,1,0,1,sales,0,16,29,38
6,217,low,0.15,1,1,1,technical,0,20,27,38
6,219,low,0.15,1,0,1,technical,0,20,26,38
6,224,low,0.15,1,1,1,support,0,18,23,38
6,218,low,0.15,1,0,1,technical,0,20,27,38
6,210,low,0.15,1,1,1,hr,0,15,20,38
6,229,low,0.14,1,1,2,marketing,0,12,28,35
6,226,low,0.14,1,1,1,sales,0,16,24,35
6,212,low,0.14,1,0,2,management,0,25,27,35
6,216,low,0.14,1,1,2,management,1,25,26,35
6,224,low,0.14,1,1,1,technical,0,20,24,35
6,216,low,0.14,1,1,1,marketing,1,12,23,38
6,218,low,0.14,1,0,2,sales,0,16,24,35
6,218,low,0.14,1,0,1,hr,0,15,28,38
6,228,low,0.14,1,1,1,technical,0,20,22,35
6,228,low,0.14,1,1,1,technical,0,20,29,35
6,214,low,0.14,1,1,1,marketing,0,12,22,38
6,213,low,0.14,1,1,1,sales,0,16,28,38
6,217,low,0.14,1,1,2,technical,0,20,21,38
6,213,low,0.14,1,1,1,management,0,25,23,38
6,227,low,0.13,1,1,1,technical,0,20,21,35
6,220,low,0.13,1,1,1,support,0,18,28,35
6,230,low,0.13,1,0,1,sales,0,16,26,35
6,214,low,0.13,1,1,2,hr,0,15,25,35
6,229,low,0.13,1,0,2,management,0,25,20,35
6,223,low,0.13,1,1,2,support,0,18,23,35
6,226,low,0.13,1,1,2,support,0,18,27,35
6,218,low,0.13,1,1,1,technical,0,20,26,35
6,226,low,0.13,1,1,2,sales,0,16,27,35
6,227,low,0.13,1,1,2,technical,0,20,29,35
6,220,low,0.13,1,1,2,support,0,18,26,35
6,214,low,0.12,1,1,2,hr,0,15,23,35
6,214,low,0.12,1,0,1,technical,0,20,22,35
6,213,low,0.12,1,1,1,technical,0,20,25,35
6,221,low,0.11,1,1,1,support,0,18,25,35
6,212,low,0.11,1,1,1,support,0,18,25,35
6,225,low,0.11,1,1,1,sales,0,16,29,35
6,224,low,0.11,1,1,2,sales,0,16,29,35
6,222,low,0.11,1,1,1,management,0,25,24,35
6,213,low,0.11,1,1,1,management,0,25,23,35
6,211,low,0.11,1,0,1,marketing,0,12,21,35
6,214,low,0.11,1,1,1,technical,0,20,29,35
6,230,low,0.1,1,0,2,support,0,18,26,35
6,228,low,0.1,1,0,1,support,0,18,20,35
6,229,low,0.1,1,1,1,hr,0,15,28,35
6,211,low,0.1,1,1,2,hr,0,15,26,35
